index,max-steps,max-reward,exploration-rate,obedience
0,500.0,-271.0,0.1,0.226
1,500.0,-245.0,0.09989507871063977,0.26
2,500.0,-267.0,0.09979031468523611,0.23
3,500.0,-280.0,0.09968570768806995,0.214
4,500.0,-245.0,0.09958125748377547,0.252
5,500.0,-150.0,0.0994769638373397,0.248
6,500.0,-263.0,0.09937282651410186,0.236
7,500.0,-250.0,0.09926884527975295,0.25
8,500.0,-257.0,0.09916501990033515,0.248
9,500.0,-245.0,0.0990613501422413,0.25
10,500.0,-236.0,0.0989578357722144,0.272
11,500.0,-246.0,0.09885447655734707,0.248
12,500.0,-223.0,0.09875127226508106,0.288
13,500.0,-252.0,0.09864822266320664,0.254
14,500.0,-224.0,0.09854532751986217,0.278
15,500.0,-230.0,0.09844258660353356,0.266
16,500.0,-249.0,0.09833999968305365,0.246
17,500.0,-216.0,0.09823756652760188,0.296
18,370.0,11.0,0.09813528690670358,0.23243243243243245
19,500.0,-248.0,0.09803316059022957,0.258
20,500.0,-230.0,0.09793118734839558,0.274
21,500.0,-232.0,0.09782936695176178,0.26
22,500.0,-253.0,0.09772769917123225,0.272
23,500.0,-231.0,0.09762618377805442,0.272
24,500.0,-252.0,0.09752482054381863,0.242
25,500.0,-223.0,0.09742360924045754,0.276
26,500.0,-239.0,0.09732254964024567,0.248
27,500.0,-210.0,0.09722164151579892,0.28
28,500.0,-243.0,0.09712088464007392,0.254
29,500.0,-254.0,0.0970202787863677,0.248
30,500.0,-206.0,0.096919823728317,0.292
31,500.0,-148.0,0.09681951923989793,0.244
32,500.0,-249.0,0.09671936509542534,0.244
33,500.0,-241.0,0.09661936106955235,0.264
34,500.0,-223.0,0.09651950693726989,0.276
35,500.0,-142.0,0.0964198024739061,0.25
36,500.0,-213.0,0.09632024745512589,0.3
37,500.0,-237.0,0.09622084165693043,0.262
38,500.0,-157.0,0.09612158485565664,0.23
39,500.0,-229.0,0.09602247682797667,0.266
40,500.0,-222.0,0.09592351735089742,0.266
41,500.0,-204.0,0.09582470620176001,0.304
42,500.0,-140.0,0.09572604315823934,0.256
43,500.0,-225.0,0.09562752799834348,0.278
44,500.0,-233.0,0.09552916050041332,0.258
45,500.0,-217.0,0.09543094044312193,0.28
46,500.0,-213.0,0.09533286760547414,0.282
47,500.0,-201.0,0.09523494176680602,0.286
48,500.0,-138.0,0.0951371627067844,0.27
49,500.0,-130.0,0.09503953020540636,0.27
50,500.0,-222.0,0.0949420440429987,0.268
51,500.0,-211.0,0.09484470400021755,0.27
52,500.0,-162.0,0.09474750985804775,0.24
53,500.0,-209.0,0.09465046139780246,0.302
54,500.0,-223.0,0.09455355840112258,0.284
55,500.0,-128.0,0.09445680064997632,0.27
56,500.0,-139.0,0.09436018792665873,0.256
57,500.0,-239.0,0.09426372001379113,0.258
58,500.0,-209.0,0.09416739669432066,0.284
59,500.0,-214.0,0.09407121775151983,0.284
60,500.0,-205.0,0.09397518296898598,0.302
61,500.0,-203.0,0.09387929213064079,0.298
62,500.0,-212.0,0.09378354502072984,0.286
63,500.0,-195.0,0.0936879414238221,0.294
64,500.0,-124.0,0.09359248112480943,0.276
65,500.0,-215.0,0.09349716390890613,0.274
66,500.0,-178.0,0.0934019895616484,0.314
67,153.0,119.0,0.09330695786889394,0.22875816993464052
68,500.0,-125.0,0.09321206861682138,0.276
69,500.0,-170.0,0.09311732159192988,0.334
70,500.0,-134.0,0.0930227165810386,0.268
71,500.0,-200.0,0.0929282533712862,0.29
72,500.0,-190.0,0.09283393175013045,0.318
73,500.0,-192.0,0.09273975150534763,0.338
74,500.0,-212.0,0.09264571242503218,0.28
75,500.0,-117.0,0.0925518142975961,0.27
76,500.0,-213.0,0.09245805691176859,0.31
77,500.0,-211.0,0.09236444005659547,0.294
78,500.0,-184.0,0.09227096352143879,0.304
79,500.0,-207.0,0.09217762709597632,0.304
80,500.0,-192.0,0.09208443057020102,0.314
81,500.0,-226.0,0.09199137373442072,0.266
82,500.0,-200.0,0.09189845637925748,0.33
83,500.0,-188.0,0.09180567829564718,0.296
84,500.0,-159.0,0.09171303927483912,0.342
85,500.0,-211.0,0.09162053910839549,0.28
86,500.0,-200.0,0.09152817758819082,0.298
87,500.0,-220.0,0.0914359545064117,0.272
88,500.0,-228.0,0.09134386965555613,0.26
89,500.0,-196.0,0.09125192282843317,0.304
90,500.0,-216.0,0.09116011381816241,0.276
91,500.0,-216.0,0.09106844241817355,0.278
92,500.0,-202.0,0.09097690842220589,0.288
93,500.0,-109.0,0.09088551162430791,0.28
94,500.0,-110.0,0.09079425181883675,0.282
95,500.0,-195.0,0.09070312880045785,0.312
96,500.0,-187.0,0.09061214236414436,0.332
97,500.0,-189.0,0.09052129230517675,0.31
98,500.0,-199.0,0.09043057841914237,0.298
99,500.0,-177.0,0.09034000050193491,0.318
100,500.0,-183.0,0.09024955834975405,0.284
101,500.0,-209.0,0.09015925175910489,0.282
102,500.0,-125.0,0.09006908052679757,0.276
103,500.0,-193.0,0.08997904444994678,0.286
104,500.0,-202.0,0.0898891433259713,0.294
105,500.0,-91.0,0.08979937695259357,0.316
106,500.0,-184.0,0.08970974512783922,0.294
107,500.0,-185.0,0.08962024765003657,0.292
108,500.0,-205.0,0.0895308843178163,0.312
109,500.0,-195.0,0.08944165493011089,0.302
110,500.0,-195.0,0.08935255928615411,0.306
111,500.0,-169.0,0.08926359718548077,0.308
112,500.0,-193.0,0.08917476842792613,0.302
113,477.0,5.0,0.08908607281362538,0.2851153039832285
114,500.0,-182.0,0.0889975101430134,0.304
115,500.0,-179.0,0.08890908021682414,0.338
116,500.0,-214.0,0.08882078283609021,0.292
117,500.0,-200.0,0.08873261780214248,0.318
118,500.0,-191.0,0.08864458491660956,0.33
119,500.0,-67.0,0.08855668398141747,0.33
120,500.0,-170.0,0.08846891479878904,0.33
121,486.0,42.0,0.08838127717124358,0.3395061728395062
122,500.0,-184.0,0.08829377090159637,0.32
123,500.0,-194.0,0.08820639579295829,0.338
124,500.0,-177.0,0.0881191516487353,0.33
125,500.0,-178.0,0.08803203827262804,0.334
126,394.0,57.0,0.08794505546863135,0.3223350253807107
127,500.0,-179.0,0.08785820304103395,0.33
128,500.0,-192.0,0.08777148079441777,0.328
129,500.0,-185.0,0.08768488853365777,0.308
130,500.0,-184.0,0.08759842606392129,0.322
131,500.0,-194.0,0.08751209319066777,0.31
132,500.0,-176.0,0.08742588971964818,0.318
133,322.0,88.0,0.0873398154569047,0.32608695652173914
134,500.0,-197.0,0.08725387020877017,0.294
135,500.0,-159.0,0.08716805378186776,0.358
136,500.0,-188.0,0.08708236598311049,0.32
137,500.0,-169.0,0.08699680661970076,0.326
138,500.0,-159.0,0.08691137549912997,0.34
139,500.0,-174.0,0.08682607242917806,0.334
140,500.0,-175.0,0.0867408972179131,0.33
141,500.0,-175.0,0.08665584967369082,0.336
142,500.0,-189.0,0.0865709296051542,0.304
143,500.0,-176.0,0.08648613682123305,0.326
144,500.0,-160.0,0.08640147113114358,0.354
145,500.0,-169.0,0.08631693234438795,0.384
146,500.0,-173.0,0.08623252027075387,0.358
147,500.0,-183.0,0.0861482347203141,0.336
148,500.0,-86.0,0.08606407550342615,0.318
149,500.0,-160.0,0.08598004243073173,0.374
150,500.0,-171.0,0.0858961353131564,0.352
151,500.0,-170.0,0.0858123539619091,0.356
152,500.0,-174.0,0.08572869818848178,0.372
153,500.0,-175.0,0.08564516780464887,0.332
154,500.0,-66.0,0.085561762622467,0.334
155,500.0,-108.0,0.08547848245427447,0.286
156,500.0,-162.0,0.08539532711269088,0.344
157,500.0,-82.0,0.08531229641061666,0.32
158,500.0,-66.0,0.08522939016123268,0.332
159,419.0,64.0,0.08514660817799988,0.33890214797136037
160,500.0,-48.0,0.08506395027465874,0.336
161,370.0,80.0,0.08498141626522895,0.35405405405405405
162,500.0,-163.0,0.08489900596400896,0.342
163,500.0,-172.0,0.08481671918557554,0.346
164,500.0,-160.0,0.08473455574478342,0.342
165,500.0,-71.0,0.0846525154567648,0.32
166,500.0,-81.0,0.08457059813692903,0.314
167,500.0,-94.0,0.08448880360096209,0.294
168,500.0,-72.0,0.08440713166482623,0.324
169,500.0,-154.0,0.08432558214475958,0.36
170,500.0,-160.0,0.08424415485727568,0.338
171,500.0,-159.0,0.08416284961916307,0.35
172,500.0,-166.0,0.08408166624748498,0.334
173,500.0,-162.0,0.08400060455957874,0.332
174,500.0,-174.0,0.08391966437305554,0.316
175,500.0,-148.0,0.08383884550579994,0.352
176,500.0,-49.0,0.08375814777596943,0.334
177,500.0,-162.0,0.0836775710019941,0.308
178,500.0,-66.0,0.08359711500257618,0.326
179,500.0,-170.0,0.08351677959668961,0.302
180,500.0,-65.0,0.08343656460357973,0.318
181,500.0,-160.0,0.08335646984276274,0.304
182,500.0,-141.0,0.08327649513402541,0.318
183,500.0,-74.0,0.0831966402974246,0.322
184,500.0,-150.0,0.0831169051532869,0.29
185,500.0,-93.0,0.08303728952220821,0.306
186,500.0,-150.0,0.08295779322505331,0.29
187,500.0,-164.0,0.08287841608295553,0.294
188,500.0,-155.0,0.08279915791731624,0.312
189,500.0,-68.0,0.08272001854980451,0.308
190,500.0,-167.0,0.08264099780235679,0.278
191,500.0,-66.0,0.08256209549717632,0.326
192,500.0,-65.0,0.08248331145673289,0.324
193,500.0,-76.0,0.08240464550376239,0.32
194,500.0,-141.0,0.08232609746126637,0.294
195,500.0,-46.0,0.08224766715251172,0.35
196,500.0,-65.0,0.08216935440103021,0.326
197,500.0,-69.0,0.08209115903061812,0.322
198,500.0,-148.0,0.08201308086533579,0.294
199,500.0,-143.0,0.08193511972950737,0.302
200,500.0,-170.0,0.08185727544772026,0.282
201,500.0,-41.0,0.08177954784482477,0.342
202,500.0,-138.0,0.08170193674593379,0.294
203,500.0,-156.0,0.08162444197642228,0.282
204,500.0,-38.0,0.081547063361927,0.324
205,500.0,-60.0,0.08146980072834606,0.294
206,500.0,-130.0,0.08139265390183845,0.314
207,500.0,-91.0,0.0813156227088238,0.3
208,500.0,-162.0,0.08123870697598189,0.28
209,500.0,-32.0,0.08116190653025229,0.314
210,500.0,-154.0,0.08108522119883399,0.3
211,500.0,-69.0,0.08100865080918492,0.326
212,500.0,-80.0,0.08093219518902169,0.316
213,500.0,-149.0,0.08085585416631912,0.29
214,500.0,-144.0,0.08077962756930988,0.294
215,500.0,-132.0,0.0807035152264841,0.302
216,396.0,93.0,0.08062751696658897,0.32575757575757575
217,500.0,-149.0,0.08055163261862838,0.278
218,500.0,-150.0,0.08047586201186249,0.286
219,500.0,-140.0,0.08040020497580744,0.278
220,500.0,-149.0,0.08032466134023483,0.272
221,500.0,-41.0,0.08024923093517147,0.33
222,500.0,-160.0,0.08017391359089893,0.278
223,500.0,-50.0,0.08009870913795313,0.342
224,476.0,40.0,0.08002361740712402,0.31932773109243695
225,500.0,-131.0,0.07994863822945517,0.308
226,500.0,-60.0,0.07987377143624343,0.336
227,500.0,-51.0,0.07979901685903845,0.312
228,500.0,-137.0,0.07972437432964241,0.27
229,500.0,-137.0,0.07964984368010958,0.28
230,500.0,-134.0,0.07957542474274601,0.318
231,500.0,-140.0,0.079501117350109,0.284
232,500.0,-131.0,0.07942692133500691,0.298
233,500.0,-129.0,0.07935283653049868,0.296
234,500.0,-74.0,0.07927886276989346,0.324
235,500.0,-143.0,0.07920499988675028,0.298
236,346.0,99.0,0.07913124771487759,0.33236994219653176
237,500.0,-125.0,0.07905760608833298,0.3
238,500.0,-132.0,0.07898407484142278,0.294
239,500.0,-141.0,0.07891065380870163,0.294
240,500.0,-119.0,0.07883734282497218,0.308
241,500.0,-141.0,0.07876414172528469,0.28
242,500.0,-132.0,0.07869105034493666,0.3
243,500.0,-120.0,0.07861806851947245,0.322
244,500.0,-39.0,0.07854519608468291,0.332
245,500.0,-135.0,0.07847243287660505,0.308
246,500.0,-134.0,0.0783997787315216,0.302
247,500.0,-143.0,0.07832723348596071,0.3
248,500.0,-151.0,0.07825479697669557,0.294
249,500.0,-132.0,0.07818246904074398,0.308
250,500.0,-139.0,0.07811024951536806,0.302
251,500.0,-37.0,0.07803813823807385,0.324
252,500.0,-143.0,0.07796613504661093,0.278
253,500.0,-132.0,0.0778942397789721,0.32
254,500.0,-125.0,0.07782245227339299,0.318
255,500.0,-130.0,0.07775077236835165,0.302
256,500.0,-110.0,0.0776791999025683,0.312
257,500.0,-36.0,0.07760773471500484,0.362
258,215.0,144.0,0.07753637664486457,0.3488372093023256
259,500.0,-134.0,0.07746512553159182,0.288
260,500.0,-80.0,0.07739398121487154,0.32
261,500.0,-121.0,0.07732294353462897,0.292
262,500.0,-110.0,0.07725201233102932,0.308
263,500.0,-151.0,0.07718118744447736,0.264
264,500.0,-133.0,0.07711046871561705,0.308
265,500.0,-68.0,0.07703985598533122,0.314
266,201.0,130.0,0.07696934909474121,0.2736318407960199
267,500.0,-138.0,0.07689894788520649,0.28
268,500.0,-124.0,0.07682865219832427,0.3
269,500.0,-138.0,0.07675846187592927,0.274
270,500.0,-119.0,0.07668837676009321,0.294
271,500.0,-119.0,0.07661839669312456,0.32
272,145.0,163.0,0.07654852151756814,0.30344827586206896
273,500.0,-122.0,0.07647875107620476,0.286
274,500.0,-118.0,0.07640908521205092,0.322
275,500.0,-124.0,0.07633952376835838,0.332
276,500.0,-129.0,0.07627006658861388,0.29
277,500.0,-17.0,0.0762007135165387,0.294
278,500.0,-136.0,0.07613146439608845,0.274
279,500.0,-122.0,0.07606231907145256,0.284
280,500.0,-55.0,0.07599327738705397,0.338
281,500.0,-57.0,0.07592433918754894,0.332
282,500.0,-125.0,0.07585550431782645,0.28
283,500.0,-130.0,0.07578677262300801,0.308
284,500.0,-48.0,0.0757181439484473,0.352
285,500.0,-119.0,0.07564961813972976,0.304
286,500.0,-47.0,0.07558119504267227,0.332
287,500.0,-141.0,0.07551287450332289,0.314
288,500.0,-126.0,0.07544465636796033,0.31
289,500.0,-110.0,0.07537654048309375,0.328
290,455.0,87.0,0.07530852669546242,0.36043956043956044
291,500.0,-128.0,0.07524061485203527,0.298
292,500.0,-122.0,0.07517280480001062,0.294
293,500.0,-132.0,0.07510509638681584,0.288
294,500.0,-131.0,0.07503748946010694,0.31
295,134.0,173.0,0.07496998386776833,0.3358208955223881
296,500.0,-132.0,0.0749025794579124,0.28
297,500.0,-123.0,0.07483527607887919,0.252
298,500.0,-114.0,0.07476807357923607,0.346
299,500.0,-135.0,0.07470097180777738,0.298
300,500.0,-121.0,0.07463397061352414,0.29
301,171.0,166.0,0.07456706984572359,0.3567251461988304
302,500.0,-124.0,0.074500269353849,0.324
303,500.0,-119.0,0.07443356898759923,0.308
304,500.0,-123.0,0.07436696859689843,0.292
305,500.0,-106.0,0.07430046803189569,0.312
306,500.0,-131.0,0.07423406714296471,0.292
307,500.0,-97.0,0.07416776578070347,0.344
308,204.0,148.0,0.07410156379593386,0.3088235294117647
309,125.0,155.0,0.0740354610397014,0.288
310,194.0,162.0,0.07396945736327486,0.35051546391752575
311,500.0,-117.0,0.07390355261814593,0.282
312,500.0,-109.0,0.07383774665602892,0.31
313,500.0,-122.0,0.07377203932886038,0.294
314,500.0,-120.0,0.07370643048879878,0.322
315,500.0,-127.0,0.07364091998822424,0.298
316,500.0,-94.0,0.07357550767973807,0.31
317,500.0,-112.0,0.07351019341616258,0.31
318,500.0,-106.0,0.07344497705054062,0.298
319,500.0,-110.0,0.07337985843613534,0.3
320,500.0,-115.0,0.07331483742642986,0.316
321,500.0,-103.0,0.07324991387512686,0.3
322,500.0,-113.0,0.07318508763614832,0.308
323,419.0,120.0,0.07312035856363519,0.3460620525059666
324,500.0,-124.0,0.07305572651194701,0.286
325,500.0,-105.0,0.07299119133566165,0.282
326,500.0,-117.0,0.07292675288957493,0.312
327,500.0,-113.0,0.07286241102870032,0.33
328,500.0,-111.0,0.07279816560826861,0.304
329,500.0,-119.0,0.07273401648372757,0.296
330,500.0,-114.0,0.07266996351074165,0.324
331,500.0,-103.0,0.07260600654519164,0.31
332,500.0,-124.0,0.0725421454431743,0.316
333,500.0,-93.0,0.0724783800610022,0.338
334,500.0,-105.0,0.07241471025520313,0.334
335,500.0,-37.0,0.07235113588252003,0.3
336,500.0,-103.0,0.07228765679991053,0.324
337,500.0,-5.0,0.07222427286454668,0.348
338,500.0,-40.0,0.07216098393381458,0.356
339,500.0,-55.0,0.07209778986531412,0.344
340,500.0,-46.0,0.07203469051685862,0.346
341,500.0,-73.0,0.07197168574647451,0.326
342,500.0,-115.0,0.07190877541240104,0.342
343,500.0,-48.0,0.07184595937308993,0.336
344,500.0,-108.0,0.07178323748720505,0.312
345,500.0,-115.0,0.07172060961362217,0.34
346,500.0,-57.0,0.0716580756114285,0.326
347,500.0,-111.0,0.07159563533992255,0.322
348,500.0,-133.0,0.07153328865861364,0.314
349,500.0,-39.0,0.07147103542722175,0.336
350,500.0,-107.0,0.07140887550567707,0.368
351,500.0,-121.0,0.07134680875411972,0.348
352,500.0,-118.0,0.07128483503289954,0.326
353,500.0,-113.0,0.07122295420257559,0.346
354,500.0,-93.0,0.07116116612391599,0.34
355,500.0,-38.0,0.07109947065789751,0.346
356,238.0,149.0,0.07103786766570538,0.36134453781512604
357,108.0,182.0,0.0709763570087328,0.35185185185185186
358,500.0,-111.0,0.07091493854858077,0.324
359,500.0,-107.0,0.07085361214705774,0.298
360,500.0,-119.0,0.07079237766617927,0.314
361,377.0,107.0,0.07073123496816777,0.35013262599469497
362,500.0,-117.0,0.07067018391545213,0.312
363,400.0,122.0,0.07060922437066745,0.3225
364,500.0,-20.0,0.07054835619665475,0.368
365,500.0,-105.0,0.07048757925646058,0.288
366,500.0,-104.0,0.07042689341333683,0.304
367,500.0,-31.0,0.0703662985307403,0.36
368,500.0,-97.0,0.07030579447233251,0.33
369,500.0,-99.0,0.0702453811019793,0.338
370,500.0,-41.0,0.07018505828375052,0.35
371,500.0,-106.0,0.07012482588191984,0.32
372,500.0,-95.0,0.07006468376096434,0.332
373,500.0,-50.0,0.07000463178556418,0.342
374,500.0,-88.0,0.06994466982060242,0.316
375,500.0,-24.0,0.06988479773116461,0.366
376,500.0,-103.0,0.06982501538253852,0.312
377,500.0,-84.0,0.06976532264021384,0.344
378,500.0,-107.0,0.06970571936988189,0.332
379,500.0,-102.0,0.06964620543743527,0.306
380,500.0,-104.0,0.0695867807089676,0.338
381,500.0,-98.0,0.06952744505077323,0.332
382,500.0,-109.0,0.06946819832934689,0.332
383,500.0,-119.0,0.06940904041138346,0.34
384,500.0,-109.0,0.06934997116377757,0.34
385,500.0,-86.0,0.06929099045362341,0.354
386,500.0,-117.0,0.06923209814821434,0.328
387,500.0,-96.0,0.06917329411504265,0.33
388,500.0,-88.0,0.06911457822179926,0.346
389,500.0,-100.0,0.06905595033637335,0.316
390,500.0,-94.0,0.06899741032685218,0.326
391,500.0,-94.0,0.0689389580615207,0.33
392,500.0,-96.0,0.06888059340886128,0.356
393,500.0,-10.0,0.06882231623755344,0.35
394,337.0,120.0,0.0687641264164735,0.35014836795252224
395,500.0,-31.0,0.06870602381469437,0.368
396,500.0,-115.0,0.06864800830148515,0.358
397,500.0,3.0,0.0685900797463109,0.37
398,500.0,-107.0,0.06853223801883238,0.358
399,500.0,-11.0,0.06847448298890563,0.362
400,500.0,-2.0,0.06841681452658185,0.378
401,500.0,-104.0,0.06835923250210696,0.33
402,500.0,-117.0,0.06830173678592139,0.344
403,500.0,-9.0,0.06824432724865974,0.354
404,500.0,-103.0,0.06818700376115053,0.332
405,212.0,163.0,0.06812976619441591,0.37264150943396224
406,500.0,-106.0,0.0680726144196713,0.304
407,500.0,6.0,0.0680155483083252,0.37
408,500.0,-102.0,0.06795856773197884,0.308
409,500.0,-99.0,0.06790167256242587,0.34
410,500.0,26.0,0.06784486267165216,0.352
411,500.0,-28.0,0.06778813793183544,0.37
412,500.0,-100.0,0.06773149821534499,0.328
413,500.0,-11.0,0.06767494339474145,0.332
414,361.0,103.0,0.06761847334277646,0.3462603878116344
415,500.0,5.0,0.06756208793239234,0.34
416,500.0,-27.0,0.06750578703672193,0.366
417,500.0,-77.0,0.06744957052908816,0.3
418,500.0,-93.0,0.0673934382830039,0.34
419,500.0,-79.0,0.06733739017217152,0.338
420,500.0,-98.0,0.0672814260704828,0.316
421,500.0,-83.0,0.06722554585201847,0.322
422,500.0,-88.0,0.067169749391048,0.308
423,500.0,-94.0,0.06711403656202936,0.306
424,500.0,-98.0,0.06705840723960863,0.312
425,500.0,-10.0,0.06700286129861982,0.388
426,500.0,-104.0,0.06694739861408454,0.324
427,500.0,-102.0,0.06689201906121173,0.318
428,500.0,-82.0,0.06683672251539738,0.344
429,500.0,11.0,0.06678150885222423,0.38
430,500.0,-11.0,0.0667263779474615,0.36
431,500.0,-90.0,0.06667132967706466,0.368
432,500.0,-77.0,0.06661636391717506,0.368
433,500.0,-23.0,0.06656148054411973,0.366
434,304.0,135.0,0.06650667943441102,0.3717105263157895
435,500.0,-16.0,0.06645196046474647,0.358
436,500.0,-80.0,0.06639732351200833,0.334
437,500.0,-97.0,0.06634276845326345,0.332
438,500.0,-85.0,0.06628829516576291,0.318
439,466.0,104.0,0.06623390352694182,0.38626609442060084
440,500.0,-103.0,0.06617959341441895,0.312
441,500.0,-84.0,0.06612536470599652,0.31
442,169.0,167.0,0.06607121727965992,0.3727810650887574
443,105.0,189.0,0.06601715101357741,0.3619047619047619
444,184.0,174.0,0.06596316578609988,0.40217391304347827
445,500.0,-87.0,0.06590926147576055,0.396
446,500.0,-82.0,0.06585543796127469,0.374
447,500.0,5.0,0.06580169512153936,0.402
448,500.0,-94.0,0.06574803283563316,0.466
449,500.0,-32.0,0.06569445098281591,0.344
450,500.0,-85.0,0.06564094944252843,0.408
451,500.0,-97.0,0.06558752809439225,0.334
452,500.0,-82.0,0.0655341868182093,0.32
453,500.0,-75.0,0.06548092549396167,0.368
454,500.0,-92.0,0.06542774400181137,0.348
455,500.0,-84.0,0.06537464222210002,0.318
456,500.0,-70.0,0.06532162003534858,0.342
457,500.0,-95.0,0.06526867732225713,0.308
458,500.0,-79.0,0.06521581396370454,0.35
459,500.0,-38.0,0.06516302984074823,0.356
460,500.0,-82.0,0.06511032483462388,0.33
461,500.0,-87.0,0.06505769882674524,0.348
462,315.0,129.0,0.06500515169870373,0.3492063492063492
463,500.0,-80.0,0.06495268333226834,0.374
464,500.0,-94.0,0.06490029360938515,0.322
465,344.0,126.0,0.06484798241217735,0.36627906976744184
466,500.0,-77.0,0.06479574962294464,0.402
467,500.0,-103.0,0.06474359512416328,0.342
468,500.0,-70.0,0.0646915187984856,0.396
469,500.0,-74.0,0.06463952052873986,0.396
470,500.0,-98.0,0.06458760019792992,0.332
471,500.0,-82.0,0.06453575768923502,0.376
472,500.0,-6.0,0.06448399288600948,0.378
473,500.0,-97.0,0.06443230567178249,0.376
474,500.0,-12.0,0.06438069593025779,0.38
475,418.0,109.0,0.06432916354531343,0.37320574162679426
476,198.0,157.0,0.06427770840100153,0.3686868686868687
477,226.0,161.0,0.064226330381548,0.3938053097345133
478,259.0,143.0,0.06417502937135226,0.3281853281853282
479,144.0,170.0,0.06412380525498704,0.2986111111111111
480,500.0,-94.0,0.06407265791719802,0.344
481,203.0,157.0,0.06402158724290369,0.3694581280788177
482,500.0,-77.0,0.06397059311719502,0.326
483,500.0,-88.0,0.06391967542533519,0.336
484,500.0,-93.0,0.06386883405275937,0.348
485,500.0,-85.0,0.06381806888507446,0.346
486,500.0,18.0,0.06376737980805881,0.352
487,500.0,-93.0,0.06371676670766198,0.344
488,500.0,-78.0,0.06366622947000447,0.39
489,500.0,-95.0,0.06361576798137746,0.308
490,500.0,-86.0,0.06356538212824259,0.342
491,500.0,-72.0,0.06351507179723168,0.342
492,500.0,-70.0,0.06346483687514642,0.356
493,500.0,-79.0,0.06341467724895829,0.36
494,500.0,-83.0,0.06336459280580804,0.344
495,500.0,-72.0,0.0633145834330057,0.342
496,500.0,-79.0,0.06326464901803011,0.348
497,500.0,-79.0,0.06321478944852886,0.34
498,500.0,-76.0,0.06316500461231789,0.34
499,500.0,-84.0,0.06311529439738128,0.348
500,500.0,-66.0,0.06306565869187103,0.352
501,500.0,-78.0,0.0630160973841068,0.354
502,500.0,-63.0,0.06296661036257559,0.38
503,500.0,-67.0,0.06291719751593162,0.35
504,500.0,-84.0,0.06286785873299594,0.338
505,500.0,-71.0,0.06281859390275629,0.366
506,500.0,-78.0,0.06276940291436675,0.356
507,500.0,-90.0,0.0627202856571476,0.354
508,500.0,-103.0,0.062671242020585,0.35
509,500.0,-74.0,0.0626222718943307,0.378
510,500.0,-71.0,0.06257337516820194,0.386
511,500.0,-87.0,0.06252455173218105,0.378
512,500.0,-93.0,0.06247580147641527,0.37
513,500.0,-62.0,0.062427124291216524,0.386
514,500.0,-76.0,0.0623785200670611,0.384
515,500.0,-85.0,0.0623299886945895,0.362
516,500.0,-73.0,0.06228153006460609,0.394
517,500.0,13.0,0.062233144068078956,0.392
518,500.0,-89.0,0.062184830596139565,0.362
519,500.0,-68.0,0.062136589540082596,0.398
520,500.0,-80.0,0.062088420791365645,0.4
521,500.0,11.0,0.062040324241609025,0.382
522,500.0,22.0,0.061992299782595454,0.398
523,500.0,16.0,0.061944347306269895,0.414
524,500.0,33.0,0.06189646670473925,0.41
525,500.0,-50.0,0.06184865787027215,0.346
526,500.0,-16.0,0.06180092069529869,0.362
527,500.0,-36.0,0.06175325507241022,0.37
528,500.0,-7.0,0.06170566089435904,0.386
529,354.0,137.0,0.061658138054058266,0.3954802259887006
530,500.0,15.0,0.06161068644458146,0.416
531,450.0,96.0,0.06156330595916249,0.35333333333333333
532,500.0,-84.0,0.06151599649119525,0.398
533,446.0,132.0,0.061468757934233405,0.3430493273542601
534,202.0,166.0,0.06142159018199019,0.3564356435643564
535,500.0,-64.0,0.06137449312833814,0.37
536,500.0,-56.0,0.061327466667308865,0.356
537,500.0,-84.0,0.06128051069309281,0.358
538,500.0,-5.0,0.061233625100039005,0.388
539,500.0,-70.0,0.06118680978265486,0.336
540,500.0,-77.0,0.06114006463560588,0.336
541,500.0,7.0,0.06109338955371547,0.388
542,500.0,-4.0,0.061046784431964665,0.398
543,500.0,-78.0,0.06100024916549194,0.348
544,500.0,-76.0,0.060953783649592905,0.352
545,500.0,-60.0,0.06090738777972014,0.366
546,500.0,-76.0,0.06086106145148293,0.368
547,500.0,-67.0,0.060814804560647,0.354
548,415.0,123.0,0.06076861700313433,0.3855421686746988
549,500.0,-88.0,0.0607224986750229,0.316
550,500.0,-66.0,0.06067644947254644,0.372
551,500.0,-67.0,0.06063046929209425,0.358
552,500.0,-63.0,0.060584558030210886,0.362
553,500.0,-55.0,0.060538715583595984,0.366
554,187.0,163.0,0.06049294184910403,0.3689839572192513
555,500.0,-89.0,0.06044723672374411,0.332
556,500.0,-59.0,0.06040160010467966,0.356
557,500.0,-73.0,0.060356031889228265,0.364
558,500.0,-74.0,0.06031053197486144,0.364
559,500.0,-66.0,0.06026510025920433,0.344
560,500.0,-60.0,0.06021973664003558,0.358
561,500.0,-64.0,0.06017444101528702,0.36
562,500.0,-59.0,0.060129213283043464,0.358
563,500.0,-66.0,0.060084053341542515,0.372
564,500.0,-64.0,0.06003896108917428,0.364
565,500.0,-49.0,0.059993936424481156,0.408
566,500.0,-63.0,0.05994897924615765,0.37
567,500.0,-66.0,0.05990408945305008,0.37
568,500.0,-67.0,0.0598592669441564,0.35
569,500.0,-86.0,0.05981451161862593,0.346
570,500.0,-62.0,0.05976982337575919,0.382
571,262.0,162.0,0.059725202115007606,0.3816793893129771
572,500.0,-52.0,0.05968064773597331,0.366
573,500.0,-60.0,0.059636160138408945,0.338
574,500.0,-64.0,0.0595917392222174,0.356
575,500.0,-70.0,0.059547384887451586,0.322
576,500.0,-59.0,0.05950309703431424,0.364
577,500.0,-61.0,0.059458875563157654,0.376
578,500.0,-76.0,0.05941472037448352,0.362
579,500.0,-66.0,0.05937063136894264,0.376
580,500.0,-66.0,0.05932660844733473,0.398
581,82.0,193.0,0.0592826515106082,0.36585365853658536
582,500.0,-77.0,0.059238760459859915,0.356
583,500.0,-66.0,0.05919493519633501,0.352
584,500.0,-71.0,0.059151175621426605,0.338
585,471.0,134.0,0.05910748163667565,0.3651804670912951
586,500.0,-75.0,0.05906385314377066,0.342
587,500.0,-60.0,0.0590202900445475,0.364
588,500.0,-61.0,0.05897679224098919,0.358
589,324.0,156.0,0.05893335963522564,0.3611111111111111
590,500.0,-64.0,0.05888999212953348,0.338
591,500.0,-63.0,0.058846689626335796,0.348
592,500.0,-65.0,0.05880345202820194,0.376
593,500.0,-73.0,0.058760279237847296,0.374
594,500.0,18.0,0.05871717115813308,0.418
595,500.0,-53.0,0.05867412769206608,0.362
596,500.0,-60.0,0.05863114874279848,0.374
597,500.0,0.0,0.05858823421362764,0.398
598,500.0,-68.0,0.05854538400799583,0.368
599,500.0,-63.0,0.058502598029490094,0.364
600,500.0,-57.0,0.05845987618184194,0.386
601,500.0,-23.0,0.0584172183689272,0.374
602,500.0,-60.0,0.058374624494765784,0.326
603,500.0,-67.0,0.05833209446352145,0.362
604,500.0,21.0,0.058289628179501604,0.372
605,500.0,-68.0,0.05824722554715711,0.376
606,500.0,21.0,0.058204886471082004,0.402
607,500.0,-78.0,0.05816261085601336,0.358
608,500.0,21.0,0.05812039860683102,0.418
609,500.0,18.0,0.05807824962855742,0.386
610,500.0,-66.0,0.05803616382635732,0.396
611,157.0,177.0,0.05799414110553766,0.4140127388535032
612,473.0,124.0,0.0579521813715473,0.3974630021141649
613,500.0,18.0,0.057910284529976805,0.378
614,500.0,-62.0,0.05786845048655829,0.368
615,500.0,22.0,0.05782667914716512,0.426
616,500.0,-58.0,0.057784970417811776,0.338
617,500.0,-53.0,0.05774332420465359,0.384
618,500.0,-48.0,0.05770174041398657,0.372
619,500.0,20.0,0.05766021895224717,0.402
620,500.0,-56.0,0.057618759726012075,0.38
621,500.0,-72.0,0.057577362641998024,0.38
622,500.0,-71.0,0.05753602760706154,0.37
623,500.0,-70.0,0.057494754528198806,0.372
624,500.0,-64.0,0.057453543312545347,0.368
625,500.0,-57.0,0.05741239386737593,0.368
626,500.0,-56.0,0.05737130610010427,0.362
627,500.0,-51.0,0.05733027991828289,0.392
628,500.0,-61.0,0.05728931522960286,0.35
629,500.0,-48.0,0.057248411941893604,0.408
630,500.0,-71.0,0.057207569963122706,0.378
631,496.0,111.0,0.057166789201395715,0.39314516129032256
632,500.0,-68.0,0.05712606956495588,0.378
633,500.0,-63.0,0.057085410962184016,0.356
634,500.0,-75.0,0.05704481330159824,0.342
635,500.0,-63.0,0.0570042764918538,0.414
636,500.0,-53.0,0.05696380044174286,0.396
637,500.0,-72.0,0.056923385060194294,0.394
638,500.0,-63.0,0.05688303025627347,0.382
639,500.0,-70.0,0.056842735939182064,0.364
640,500.0,-49.0,0.056802502018257844,0.408
641,500.0,-70.0,0.056762328402974474,0.372
642,451.0,148.0,0.05672221500294129,0.3924611973392461
643,500.0,38.0,0.05668216172790315,0.436
644,500.0,-61.0,0.056642168487740154,0.33
645,500.0,-71.0,0.05660223519246749,0.348
646,500.0,32.0,0.05656236175223523,0.396
647,500.0,8.0,0.05652254807732812,0.404
648,500.0,-57.0,0.05648279407816538,0.388
649,500.0,-64.0,0.05644309966530048,0.326
650,500.0,-70.0,0.056403464749420984,0.392
651,500.0,46.0,0.05636388924134832,0.388
652,500.0,-50.0,0.056324373052037566,0.384
653,500.0,-58.0,0.05628491609257728,0.394
654,500.0,-60.0,0.05624551827418929,0.35
655,500.0,-54.0,0.056206179508228496,0.416
656,500.0,11.0,0.05616689970618266,0.406
657,500.0,-63.0,0.05612767877967219,0.406
658,500.0,-72.0,0.05608851664045,0.382
659,500.0,-64.0,0.05604941320040125,0.384
660,500.0,-51.0,0.056010368371543204,0.418
661,500.0,-66.0,0.05597138206602495,0.398
662,500.0,22.0,0.055932454196127315,0.398
663,500.0,35.0,0.05589358467426256,0.42
664,417.0,140.0,0.05585477341297424,0.3980815347721823
665,348.0,151.0,0.055816020324937016,0.3879310344827586
666,500.0,-58.0,0.0557773253229564,0.366
667,500.0,-54.0,0.05573868831996865,0.368
668,500.0,36.0,0.05570010922904048,0.414
669,500.0,-62.0,0.0556615879633689,0.346
670,500.0,-62.0,0.05562312443628108,0.382
671,500.0,26.0,0.055584718561234044,0.422
672,458.0,139.0,0.05554637025181457,0.39737991266375544
673,500.0,-1.0,0.05550807942173892,0.4
674,196.0,166.0,0.055469845984852745,0.3826530612244898
675,500.0,-60.0,0.05543166985513079,0.344
676,500.0,-60.0,0.05539355094667672,0.36
677,150.0,177.0,0.055355489173723,0.36666666666666664
678,500.0,-60.0,0.05531748445063063,0.36
679,334.0,157.0,0.055279536691888946,0.3712574850299401
680,500.0,-58.0,0.05524164581211548,0.342
681,500.0,-60.0,0.05520381172605574,0.368
682,500.0,29.0,0.05516603434858302,0.42
683,500.0,-75.0,0.055128313594698206,0.334
684,500.0,35.0,0.05509064937952957,0.43
685,500.0,-72.0,0.05505304161833263,0.368
686,500.0,-54.0,0.0550154902264899,0.368
687,500.0,-6.0,0.054977995119510736,0.382
688,477.0,107.0,0.05494055621303112,0.389937106918239
689,80.0,193.0,0.054903173422813506,0.375
690,81.0,184.0,0.05486584666474661,0.32098765432098764
691,500.0,-62.0,0.054828575854845185,0.352
692,500.0,-65.0,0.05479136090924992,0.322
693,500.0,-62.0,0.054754201744227154,0.38
694,428.0,158.0,0.05471709827616876,0.39485981308411217
695,500.0,-51.0,0.05468005042159191,0.382
696,500.0,-44.0,0.05464305809713892,0.37
697,500.0,-64.0,0.054606121219577045,0.374
698,500.0,-50.0,0.0545692397057983,0.388
699,500.0,-52.0,0.05453241347281926,0.396
700,500.0,-45.0,0.05449564243778088,0.366
701,500.0,-46.0,0.054458926517948314,0.418
702,500.0,-47.0,0.05442226563071074,0.39
703,500.0,-49.0,0.054385659693581126,0.396
704,500.0,-69.0,0.05434910862419612,0.38
705,500.0,-44.0,0.054312612340315786,0.368
706,500.0,-53.0,0.05427617075982348,0.378
707,500.0,-48.0,0.054239783800725624,0.392
708,500.0,-43.0,0.05420345138115154,0.392
709,500.0,-55.0,0.05416717341935329,0.37
710,500.0,-43.0,0.054130949833705415,0.388
711,500.0,-48.0,0.05409478054270485,0.39
712,500.0,-50.0,0.054058665464970665,0.38
713,500.0,-55.0,0.05402260451924393,0.392
714,500.0,-54.0,0.053986597624387504,0.388
715,500.0,-52.0,0.05395064469938585,0.384
716,500.0,-49.0,0.053914745663344865,0.402
717,125.0,192.0,0.05387890043549172,0.408
718,500.0,-64.0,0.053843108935174626,0.354
719,500.0,-45.0,0.05380737108186269,0.372
720,500.0,-45.0,0.05377168679514574,0.398
721,500.0,-48.0,0.053736055994734105,0.392
722,500.0,-47.0,0.05370047860045847,0.408
723,500.0,-46.0,0.05366495453226969,0.402
724,500.0,-52.0,0.05362948371023858,0.392
725,500.0,-48.0,0.0535940660545558,0.394
726,500.0,-60.0,0.05355870148553159,0.4
727,500.0,-48.0,0.05352338992359566,0.42
728,500.0,-57.0,0.05348813128929698,0.408
729,500.0,-48.0,0.053452925503303626,0.412
730,254.0,183.0,0.05341777248640253,0.4094488188976378
731,198.0,178.0,0.05338267215949942,0.4090909090909091
732,500.0,-56.0,0.05334762444361853,0.382
733,500.0,-50.0,0.05331262925990249,0.36
734,500.0,-53.0,0.05327768652961211,0.352
735,500.0,-47.0,0.05324279617412625,0.4
736,500.0,-60.0,0.053207958114941584,0.348
737,500.0,-51.0,0.053173172273672464,0.384
738,500.0,-44.0,0.053138438572050736,0.4
739,500.0,-51.0,0.053103756931925566,0.384
740,381.0,160.0,0.053069127275263236,0.3884514435695538
741,500.0,-62.0,0.053034549524147004,0.362
742,500.0,-42.0,0.05300002360077692,0.36
743,500.0,-46.0,0.052965549427469644,0.376
744,500.0,-31.0,0.05293112692665827,0.384
745,500.0,-43.0,0.05289675602089215,0.398
746,500.0,-44.0,0.05286243663283674,0.38
747,500.0,-59.0,0.052828168685273395,0.376
748,500.0,-51.0,0.052793952101099224,0.362
749,500.0,-44.0,0.0527597868033269,0.406
750,500.0,-37.0,0.05272567271508448,0.406
751,500.0,-43.0,0.05269160975961526,0.42
752,500.0,-35.0,0.05265759786027757,0.436
753,500.0,-52.0,0.05262363694054463,0.416
754,500.0,-48.0,0.05258972692400435,0.422
755,500.0,-48.0,0.05255586773435916,0.438
756,500.0,50.0,0.05252205929542591,0.43
757,423.0,156.0,0.05248830153113557,0.42789598108747046
758,300.0,152.0,0.052454594365533166,0.41333333333333333
759,500.0,31.0,0.05242093772277755,0.416
760,500.0,58.0,0.05238733152714127,0.456
761,500.0,5.0,0.05235377570301038,0.396
762,500.0,-18.0,0.05232027017488425,0.366
763,500.0,-14.0,0.052286814867375415,0.378
764,500.0,-8.0,0.05225340970520945,0.394
765,500.0,5.0,0.052220054613224695,0.388
766,500.0,46.0,0.052186749516372206,0.402
767,500.0,15.0,0.05215349433971549,0.404
768,334.0,147.0,0.05212028900843037,0.38922155688622756
769,101.0,190.0,0.05208713344780487,0.4158415841584158
770,216.0,167.0,0.05205402758323893,0.38425925925925924
771,103.0,177.0,0.05202097134024437,0.33980582524271846
772,500.0,-55.0,0.051987964644444606,0.382
773,500.0,24.0,0.05195500742157457,0.4
774,500.0,53.0,0.051922099597480495,0.446
775,500.0,-51.0,0.051889241098119765,0.38
776,500.0,-6.0,0.051856431849560736,0.386
777,500.0,-1.0,0.0518236717779826,0.39
778,500.0,-57.0,0.05179096080967516,0.39
779,500.0,21.0,0.051758298871038735,0.4
780,500.0,-75.0,0.05172568588858395,0.346
781,500.0,-77.0,0.05169312178893158,0.372
782,500.0,20.0,0.05166060649881239,0.406
783,112.0,178.0,0.05162813994506696,0.3125
784,214.0,178.0,0.051595722054645535,0.3878504672897196
785,133.0,184.0,0.051563352754607834,0.38345864661654133
786,500.0,-44.0,0.05153103197212293,0.37
787,163.0,173.0,0.05149875963446905,0.3496932515337423
788,500.0,-48.0,0.05146653566903342,0.386
789,500.0,-54.0,0.0514343600033121,0.396
790,168.0,183.0,0.05140223256490982,0.38095238095238093
791,500.0,-43.0,0.05137015328153985,0.35
792,500.0,-55.0,0.05133812208102378,0.368
793,500.0,-41.0,0.05130613889129139,0.398
794,500.0,-58.0,0.051274203640380496,0.394
795,500.0,-60.0,0.051242316256436764,0.374
796,500.0,-54.0,0.051210476667713584,0.408
797,500.0,-56.0,0.05117868480257184,0.4
798,217.0,178.0,0.05114694058947984,0.4147465437788018
799,110.0,187.0,0.051115243957013085,0.38181818181818183
800,132.0,185.0,0.05108359483385415,0.38636363636363635
801,169.0,177.0,0.051051993148792475,0.34911242603550297
802,500.0,-47.0,0.051020438830724275,0.372
803,500.0,-46.0,0.050988931808652306,0.366
804,500.0,-47.0,0.05095747201168577,0.384
805,500.0,-63.0,0.05092605936904009,0.382
806,500.0,-47.0,0.05089469381003683,0.39
807,500.0,-47.0,0.05086337526410345,0.388
808,126.0,188.0,0.05083210366077322,0.3253968253968254
809,500.0,-39.0,0.05080087892968501,0.378
810,500.0,-42.0,0.05076970100058317,0.388
811,119.0,190.0,0.05073856980331735,0.3949579831932773
812,500.0,-50.0,0.05070748526784233,0.346
813,500.0,-48.0,0.05067644732421789,0.382
814,112.0,184.0,0.05064545590260866,0.39285714285714285
815,500.0,-44.0,0.05061451093328393,0.346
816,500.0,-43.0,0.050583612346617485,0.388
817,500.0,-47.0,0.05055276007308751,0.4
818,68.0,192.0,0.05052195404327636,0.36764705882352944
819,500.0,-39.0,0.05049119418787048,0.396
820,500.0,-45.0,0.05046048043766016,0.398
821,500.0,-37.0,0.050429812723539455,0.414
822,500.0,-45.0,0.050399190976506,0.384
823,500.0,-55.0,0.050368615127660846,0.39
824,500.0,-48.0,0.05033808510820832,0.404
825,500.0,-34.0,0.05030760084945587,0.422
826,95.0,192.0,0.0502771622828139,0.42105263157894735
827,113.0,191.0,0.05024676933979562,0.34513274336283184
828,197.0,181.0,0.05021642195201689,0.39593908629441626
829,138.0,181.0,0.05018612005119609,0.3695652173913043
830,500.0,55.0,0.05015586356915391,0.44
831,500.0,13.0,0.05012565243781328,0.394
832,500.0,-53.0,0.050095486589199115,0.362
833,500.0,-47.0,0.05006536595543826,0.392
834,500.0,-45.0,0.050035290468759264,0.372
835,500.0,-59.0,0.05000526006149228,0.378
836,500.0,30.0,0.04997527466606887,0.414
837,500.0,-58.0,0.04994533421502188,0.382
838,500.0,-42.0,0.0499154386409853,0.416
839,500.0,-49.0,0.04988558787669406,0.4
840,500.0,-41.0,0.04985578185498393,0.414
841,500.0,-39.0,0.04982602050879135,0.392
842,500.0,-39.0,0.04979630377115327,0.408
843,500.0,-38.0,0.04976663157520705,0.416
844,500.0,-38.0,0.04973700385419019,0.396
845,500.0,-42.0,0.04970742054144034,0.412
846,500.0,-24.0,0.049677881570395016,0.362
847,500.0,-41.0,0.04964838687459154,0.388
848,500.0,-27.0,0.04961893638766681,0.416
849,500.0,-38.0,0.04958953004335723,0.39
850,500.0,-43.0,0.049560167775498515,0.386
851,500.0,-42.0,0.04953084951802554,0.414
852,500.0,-38.0,0.049501575204972226,0.41
853,500.0,-40.0,0.049472344770471355,0.434
854,500.0,-37.0,0.049443158148754426,0.43
855,500.0,-42.0,0.04941401527415153,0.408
856,500.0,-33.0,0.0493849160810912,0.438
857,500.0,-40.0,0.04935586050410022,0.424
858,500.0,-33.0,0.04932684847780355,0.426
859,500.0,8.0,0.04929787993692411,0.396
860,500.0,-7.0,0.04926895481628266,0.386
861,500.0,-3.0,0.04924007305079768,0.384
862,500.0,29.0,0.04921123457548519,0.412
863,500.0,11.0,0.049182439325458585,0.392
864,500.0,4.0,0.04915368723592856,0.402
865,500.0,20.0,0.049124978242202896,0.418
866,500.0,14.0,0.049096312279686354,0.412
867,500.0,-38.0,0.049067689283880486,0.422
868,500.0,-52.0,0.049039109190383554,0.396
869,500.0,-39.0,0.049010571934890335,0.434
870,500.0,-35.0,0.048982077453192,0.428
871,500.0,-40.0,0.04895362568117592,0.424
872,500.0,-33.0,0.04892521655482563,0.432
873,500.0,-41.0,0.048896850010220566,0.424
874,500.0,-44.0,0.04886852598353601,0.414
875,500.0,-40.0,0.04884024441104287,0.436
876,500.0,-46.0,0.048812005229107606,0.406
877,500.0,-44.0,0.048783808374192036,0.422
878,500.0,44.0,0.048755653782853244,0.432
879,500.0,29.0,0.04872754139174337,0.42
880,500.0,23.0,0.04869947113760953,0.41
881,500.0,33.0,0.04867144295729363,0.41
882,500.0,-55.0,0.04864345678773227,0.42
883,500.0,-65.0,0.048615512565956545,0.396
884,500.0,28.0,0.04858761022909194,0.406
885,500.0,-45.0,0.048559749714358204,0.424
886,500.0,40.0,0.04853193095906916,0.418
887,500.0,-44.0,0.04850415390063258,0.436
888,500.0,28.0,0.04847641847655008,0.426
889,500.0,40.0,0.04844872462441695,0.434
890,174.0,169.0,0.04842107228192201,0.367816091954023
891,109.0,186.0,0.04839346138684747,0.4036697247706422
892,500.0,32.0,0.04836589187706882,0.428
893,500.0,37.0,0.04833836369055464,0.414
894,500.0,20.0,0.048310876765366495,0.416
895,500.0,17.0,0.0482834310396588,0.41
896,500.0,30.0,0.04825602645167866,0.426
897,500.0,24.0,0.04822866293976573,0.416
898,500.0,43.0,0.04820134044235211,0.424
899,500.0,32.0,0.04817405889796217,0.416
900,500.0,34.0,0.04814681824521241,0.426
901,500.0,22.0,0.04811961842281136,0.408
902,500.0,22.0,0.0480924593695594,0.414
903,500.0,-51.0,0.04806534102434866,0.386
904,500.0,-38.0,0.04803826332616284,0.394
905,500.0,50.0,0.04801122621407712,0.42
906,500.0,-35.0,0.047984229627257985,0.43
907,500.0,-42.0,0.04795727350496308,0.416
908,500.0,-46.0,0.04793035778654115,0.416
909,500.0,35.0,0.04790348241143181,0.42
910,500.0,45.0,0.04787664731916544,0.432
911,500.0,27.0,0.04784985244936308,0.424
912,500.0,31.0,0.047823097741736265,0.43
913,500.0,-33.0,0.04779638313608689,0.426
914,500.0,-35.0,0.04776970857230707,0.44
915,500.0,39.0,0.04774307399037904,0.432
916,500.0,-42.0,0.04771647933037497,0.42
917,500.0,-30.0,0.04768992453245688,0.442
918,500.0,-28.0,0.047663409536876436,0.422
919,500.0,-45.0,0.047636934283974905,0.42
920,500.0,-35.0,0.04761049871418295,0.418
921,500.0,-40.0,0.047584102768020546,0.42
922,500.0,-54.0,0.04755774638609678,0.426
923,500.0,55.0,0.04753142950910978,0.422
924,500.0,39.0,0.047505152077846585,0.416
925,500.0,-52.0,0.04747891403318295,0.434
926,500.0,52.0,0.04745271531608326,0.418
927,500.0,58.0,0.04742655586760039,0.456
928,243.0,78.0,0.04740043562887558,0.448559670781893
929,170.0,178.0,0.047374354541138274,0.3764705882352941
930,500.0,-40.0,0.04734831254570601,0.434
931,500.0,-32.0,0.0473223095839843,0.396
932,500.0,-41.0,0.047296345597466455,0.4
933,260.0,178.0,0.04727042052773351,0.4230769230769231
934,500.0,-28.0,0.047244534316454034,0.416
935,500.0,-40.0,0.04721868690538404,0.396
936,500.0,-43.0,0.04719287823636685,0.412
937,500.0,-36.0,0.047167108251332954,0.418
938,139.0,187.0,0.04714137689229986,0.4028776978417266
939,145.0,187.0,0.047115684101372,0.42758620689655175
940,500.0,-29.0,0.0470900298207406,0.426
941,500.0,-35.0,0.0470644139926835,0.412
942,500.0,-42.0,0.047038836559565075,0.398
943,142.0,194.0,0.047013297463836104,0.43661971830985913
944,500.0,-28.0,0.04698779664803361,0.412
945,500.0,-37.0,0.04696233405478073,0.388
946,500.0,-50.0,0.046936909626786635,0.42
947,500.0,-46.0,0.04691152330684635,0.404
948,500.0,-26.0,0.046886175037840636,0.436
949,500.0,54.0,0.04686086476273588,0.422
950,118.0,197.0,0.04683559242458395,0.423728813559322
951,191.0,183.0,0.04681035796652208,0.4083769633507853
952,500.0,-54.0,0.046785161331772726,0.39
953,500.0,-37.0,0.04676000246364345,0.402
954,500.0,-44.0,0.04673488130552679,0.41
955,500.0,-38.0,0.04670979780090013,0.416
956,500.0,-38.0,0.04668475189332557,0.43
957,500.0,58.0,0.046659743526449804,0.454
958,500.0,-37.0,0.04663477264400401,0.434
959,500.0,-37.0,0.04660983918980367,0.43
960,500.0,-34.0,0.04658494310774852,0.444
961,500.0,-34.0,0.046560084341822364,0.434
962,500.0,-21.0,0.04653526283609296,0.446
963,500.0,-41.0,0.04651047853471191,0.426
964,500.0,-39.0,0.04648573138191453,0.426
965,500.0,-37.0,0.04646102132201972,0.442
966,500.0,-35.0,0.046436348299429824,0.418
967,500.0,-46.0,0.046411712258630534,0.424
968,500.0,60.0,0.04638711314419075,0.452
969,500.0,60.0,0.04636255090076245,0.442
970,500.0,28.0,0.046338025473080593,0.42
971,500.0,47.0,0.04631353680596294,0.432
972,500.0,12.0,0.04628908484430998,0.402
973,500.0,-40.0,0.046264669533104784,0.432
974,500.0,-24.0,0.046240290817412905,0.454
975,500.0,-33.0,0.04621594864238221,0.43
976,500.0,-37.0,0.046191642953242816,0.43
977,500.0,-34.0,0.046167373695306886,0.438
978,500.0,-43.0,0.04614314081396859,0.426
979,500.0,-32.0,0.04611894425470395,0.452
980,500.0,51.0,0.046094783963070665,0.45
981,500.0,22.0,0.0460706598847081,0.41
982,500.0,61.0,0.046046571965337055,0.452
983,500.0,52.0,0.046022520150759694,0.434
984,500.0,23.0,0.045998504386859436,0.422
985,500.0,30.0,0.0459745246196008,0.426
986,406.0,46.0,0.04595058079502929,0.43103448275862066
987,146.0,181.0,0.04592667285927131,0.3835616438356164
988,226.0,177.0,0.045902800758533965,0.39823008849557523
989,146.0,186.0,0.045878964439105045,0.4041095890410959
990,500.0,-32.0,0.04585516384735282,0.448
991,500.0,-31.0,0.04583139892972593,0.412
992,500.0,-31.0,0.04580766963275331,0.432
993,500.0,-36.0,0.04578397590304403,0.422
994,500.0,-39.0,0.04576031768728721,0.426
995,500.0,-44.0,0.04573669493225182,0.434
996,500.0,-30.0,0.045713107584786666,0.44
997,500.0,-29.0,0.04568955559182021,0.432
998,500.0,-35.0,0.045666038900360445,0.456
999,500.0,-27.0,0.045642557457494834,0.446
1000,500.0,-30.0,0.045619111210390084,0.448
1001,500.0,-44.0,0.04559570010629216,0.434
1002,500.0,-32.0,0.04557232409252605,0.456
1003,149.0,184.0,0.04554898311649572,0.37583892617449666
1004,152.0,187.0,0.04552567712568395,0.39473684210526316
1005,144.0,185.0,0.04550240606765227,0.4166666666666667
1006,87.0,191.0,0.045479169890040784,0.3793103448275862
1007,500.0,-30.0,0.04545596854056808,0.432
1008,500.0,-26.0,0.04543280196703112,0.418
1009,500.0,-36.0,0.04540967011730508,0.428
1010,500.0,-31.0,0.04538657293934332,0.448
1011,94.0,195.0,0.04536351038117716,0.425531914893617
1012,147.0,190.0,0.045340482390915836,0.40816326530612246
1013,92.0,193.0,0.04531748891674636,0.3804347826086957
1014,203.0,180.0,0.04529452990693342,0.41379310344827586
1015,54.0,197.0,0.04527160530981922,0.4074074074074074
1016,500.0,-49.0,0.0452487150738234,0.43
1017,138.0,186.0,0.04522585914744294,0.3333333333333333
1018,172.0,180.0,0.04520303747925198,0.4069767441860465
1019,136.0,184.0,0.04518025001790177,0.3897058823529412
1020,61.0,196.0,0.04515749671212049,0.4262295081967213
1021,203.0,179.0,0.04513477751071322,0.3793103448275862
1022,144.0,188.0,0.04511209236256172,0.3680555555555556
1023,252.0,182.0,0.04508944121662443,0.40476190476190477
1024,156.0,184.0,0.04506682402193623,0.3525641025641026
1025,500.0,60.0,0.04504424072760844,0.442
1026,500.0,53.0,0.04502169128282864,0.438
1027,500.0,59.0,0.04499917563686055,0.448
1028,500.0,31.0,0.04497669373904398,0.426
1029,500.0,5.0,0.04495424553879464,0.402
1030,500.0,-28.0,0.04493183098560406,0.432
1031,500.0,-35.0,0.04490945002903951,0.426
1032,500.0,-69.0,0.04488710261874381,0.392
1033,500.0,-68.0,0.04486478870443529,0.396
1034,500.0,-1.0,0.044842508235907616,0.39
1035,500.0,24.0,0.04482026116302974,0.4
1036,385.0,37.0,0.04479804743574573,0.4155844155844156
1037,100.0,187.0,0.044775867004074696,0.34
1038,105.0,188.0,0.04475371981811066,0.34285714285714286
1039,136.0,188.0,0.04473160582802243,0.39705882352941174
1040,86.0,194.0,0.044709524984053534,0.38372093023255816
1041,81.0,192.0,0.04468747723652205,0.3333333333333333
1042,145.0,188.0,0.04466546253582055,0.3931034482758621
1043,129.0,187.0,0.04464348083241594,0.3178294573643411
1044,128.0,188.0,0.044621532076849386,0.3359375
1045,132.0,186.0,0.04459961621973617,0.3409090909090909
1046,106.0,194.0,0.044577733211765606,0.39622641509433965
1047,103.0,193.0,0.04455588300370092,0.4077669902912621
1048,86.0,191.0,0.044534065546379134,0.36046511627906974
1049,147.0,187.0,0.044512280790710956,0.3877551020408163
1050,107.0,190.0,0.044490528687680685,0.37383177570093457
1051,91.0,192.0,0.04446880918834607,0.3626373626373626
1052,43.0,198.0,0.04444712224383823,0.3953488372093023
1053,500.0,-40.0,0.04442546780536154,0.432
1054,112.0,196.0,0.044403845824193496,0.4107142857142857
1055,500.0,-25.0,0.04438225625168463,0.436
1056,500.0,-38.0,0.0443606990392584,0.442
1057,500.0,-77.0,0.04433917413841107,0.396
1058,50.0,196.0,0.044317681500711595,0.38
1059,79.0,193.0,0.04429622107780154,0.3670886075949367
1060,121.0,191.0,0.04427479282139494,0.36363636363636365
1061,117.0,189.0,0.04425339668327821,0.36752136752136755
1062,500.0,-37.0,0.04423203261531003,0.442
1063,500.0,-44.0,0.044210700569421245,0.43
1064,500.0,-87.0,0.04418940049761473,0.39
1065,500.0,-87.0,0.04416813235196532,0.372
1066,500.0,-90.0,0.044146896084619684,0.37
1067,500.0,-79.0,0.0441256916477962,0.38
1068,500.0,-73.0,0.04410451899378489,0.408
1069,500.0,-70.0,0.04408337807494726,0.388
1070,52.0,193.0,0.044062268843716244,0.38461538461538464
1071,500.0,-32.0,0.04404119125259606,0.428
1072,500.0,-69.0,0.04402014525416211,0.406
1073,129.0,192.0,0.04399913080106091,0.4108527131782946
1074,110.0,193.0,0.04397814784600991,0.4
1075,119.0,187.0,0.04395719634179746,0.37815126050420167
1076,71.0,199.0,0.04393627624128267,0.4084507042253521
1077,94.0,192.0,0.0439153874973953,0.3723404255319149
1078,127.0,190.0,0.04389453006313567,0.3937007874015748
1079,50.0,196.0,0.04387370389157454,0.36
1080,81.0,195.0,0.04385290893585303,0.3950617283950617
1081,119.0,193.0,0.04383214514918246,0.35294117647058826
1082,159.0,184.0,0.04381141248484432,0.3710691823899371
1083,500.0,65.0,0.04379071089619009,0.452
1084,500.0,64.0,0.0437700403366412,0.446
1085,500.0,69.0,0.04374940075968887,0.446
1086,500.0,28.0,0.04372879211889405,0.422
1087,500.0,10.0,0.04370821436788729,0.396
1088,500.0,23.0,0.043687667460368645,0.41
1089,500.0,-31.0,0.043667151350107555,0.426
1090,500.0,-27.0,0.04364666599094277,0.426
1091,500.0,-40.0,0.043626211336782225,0.428
1092,500.0,-47.0,0.04360578734160293,0.43
1093,500.0,-67.0,0.04358539395945091,0.408
1094,500.0,-59.0,0.04356503114444102,0.412
1095,500.0,-62.0,0.04354469885075692,0.422
1096,500.0,-51.0,0.04352439703265096,0.42
1097,500.0,-6.0,0.043504125644444024,0.386
1098,500.0,-81.0,0.04348388464052548,0.41
1099,500.0,-64.0,0.04346367397535307,0.43
1100,500.0,-47.0,0.04344349360345279,0.422
1101,500.0,-12.0,0.043423343479418786,0.384
1102,500.0,-2.0,0.04340322355791327,0.384
1103,500.0,-5.0,0.043383133793666415,0.392
1104,500.0,33.0,0.04336307414147624,0.426
1105,500.0,19.0,0.04334304455620853,0.412
1106,106.0,85.0,0.04332304499279669,0.3867924528301887
1107,97.0,191.0,0.04330307540624171,0.35051546391752575
1108,104.0,188.0,0.043283135751612,0.3269230769230769
1109,120.0,190.0,0.04326322598404334,0.3416666666666667
1110,77.0,193.0,0.043243346058738745,0.37662337662337664
1111,88.0,196.0,0.04322349593096836,0.36363636363636365
1112,38.0,199.0,0.0432036755560694,0.34210526315789475
1113,105.0,191.0,0.043183884889446016,0.37142857142857144
1114,83.0,191.0,0.04316412388656919,0.3253012048192771
1115,500.0,-38.0,0.043144392502976664,0.464
1116,500.0,-29.0,0.04312469069427282,0.454
1117,42.0,198.0,0.04310501841612857,0.38095238095238093
1118,43.0,199.0,0.04308537562428129,0.3023255813953488
1119,94.0,191.0,0.04306576227453467,0.32978723404255317
1120,105.0,189.0,0.0430461783227587,0.3619047619047619
1121,25.0,200.0,0.043026623724889454,0.4
1122,76.0,195.0,0.04300709843692908,0.35526315789473684
1123,93.0,190.0,0.042987602414945675,0.3763440860215054
1124,91.0,195.0,0.042968135615073184,0.3956043956043956
1125,41.0,198.0,0.0429486979935113,0.3170731707317073
1126,75.0,192.0,0.042929289506525366,0.32
1127,83.0,195.0,0.04290991011044627,0.3493975903614458
1128,109.0,186.0,0.042890559761670374,0.3211009174311927
1129,41.0,198.0,0.04287123841665938,0.3170731707317073
1130,78.0,190.0,0.04285194603194025,0.3076923076923077
1131,86.0,195.0,0.042832682564105114,0.38372093023255816
1132,500.0,-46.0,0.042813447969811166,0.628
1133,92.0,195.0,0.042794242205780555,0.32608695652173914
1134,86.0,198.0,0.0427750652288003,0.3488372093023256
1135,70.0,196.0,0.042755916995722204,0.35714285714285715
1136,26.0,199.0,0.042736797463462727,0.38461538461538464
1137,84.0,190.0,0.04271770658900292,0.35714285714285715
1138,34.0,199.0,0.042698644329388295,0.35294117647058826
1139,41.0,196.0,0.042679610641728774,0.36585365853658536
1140,104.0,194.0,0.04266060548319855,0.34615384615384615
1141,500.0,-30.0,0.042641628811035996,0.472
1142,88.0,195.0,0.04262268058254361,0.36363636363636365
1143,79.0,193.0,0.042603760755087844,0.34177215189873417
1144,104.0,192.0,0.04258486928609911,0.3173076923076923
1145,86.0,193.0,0.04256600613307157,0.3372093023255814
1146,80.0,197.0,0.04254717125356314,0.375
1147,500.0,-40.0,0.04252836460519531,0.47
1148,43.0,196.0,0.04250958614565314,0.2558139534883721
1149,157.0,191.0,0.042490835832685064,0.3885350318471338
1150,106.0,195.0,0.042472113624102886,0.37735849056603776
1151,44.0,199.0,0.042453419477781626,0.4090909090909091
1152,72.0,197.0,0.04243475335165944,0.3194444444444444
1153,500.0,-44.0,0.04241611520373755,0.62
1154,95.0,191.0,0.0423975049920801,0.30526315789473685
1155,43.0,195.0,0.04237892267481412,0.3488372093023256
1156,104.0,194.0,0.04236036821012937,0.3269230769230769
1157,45.0,199.0,0.04234184155627831,0.3333333333333333
1158,41.0,199.0,0.04232334267157596,0.34146341463414637
1159,171.0,194.0,0.04230487151439982,0.43859649122807015
1160,24.0,199.0,0.04228642804318978,0.4166666666666667
1161,90.0,194.0,0.04226801221644802,0.34444444444444444
1162,500.0,-26.0,0.04224962399273892,0.464
1163,167.0,-25.0,0.042231263330688974,0.3712574850299401
1164,500.0,-26.0,0.04221293018898668,0.448
1165,500.0,-69.0,0.042194624526382465,0.406
1166,500.0,-188.0,0.04217634630168858,0.334
1167,94.0,195.0,0.04215809547377901,0.4148936170212766
1168,108.0,192.0,0.04213987200158938,0.3888888888888889
1169,89.0,193.0,0.042121675844116885,0.3707865168539326
1170,43.0,200.0,0.042103506960420145,0.3488372093023256
1171,86.0,194.0,0.04208536530961918,0.3023255813953488
1172,30.0,195.0,0.04206725085089525,0.26666666666666666
1173,37.0,198.0,0.04204916354349083,0.35135135135135137
1174,54.0,197.0,0.04203110334670947,0.4074074074074074
1175,110.0,192.0,0.04201307021991571,0.33636363636363636
1176,40.0,199.0,0.041995064122535015,0.35
1177,90.0,195.0,0.04197708501405366,0.32222222222222224
1178,95.0,191.0,0.04195913285401863,0.3263157894736842
1179,61.0,196.0,0.04194120760203758,0.3442622950819672
1180,89.0,192.0,0.04192330921777866,0.34831460674157305
1181,93.0,192.0,0.04190543766097052,0.3225806451612903
1182,88.0,196.0,0.04188759289140213,0.3181818181818182
1183,91.0,195.0,0.041869774868922766,0.3626373626373626
1184,193.0,177.0,0.041851983553441864,0.39378238341968913
1185,87.0,190.0,0.04183421890492896,0.3218390804597701
1186,81.0,197.0,0.041816480883413575,0.3950617283950617
1187,500.0,-23.0,0.041798769448985175,0.672
1188,500.0,-22.0,0.041781084561793004,0.538
1189,500.0,-30.0,0.04176342618204607,0.456
1190,500.0,-58.0,0.04174579427001301,0.414
1191,160.0,-44.0,0.04172818878602201,0.325
1192,43.0,196.0,0.04171060969046073,0.32558139534883723
1193,58.0,196.0,0.04169305694377619,0.3620689655172414
1194,66.0,196.0,0.04167553050647471,0.3181818181818182
1195,81.0,198.0,0.0416580303391218,0.3950617283950617
1196,55.0,197.0,0.04164055640234206,0.36363636363636365
1197,37.0,199.0,0.04162310865681914,0.40540540540540543
1198,77.0,189.0,0.04160568706329561,0.3246753246753247
1199,78.0,194.0,0.04158829158257286,0.34615384615384615
1200,64.0,197.0,0.04157092217551106,0.34375
1201,98.0,194.0,0.04155357880302903,0.3163265306122449
1202,87.0,191.0,0.0415362614261042,0.2988505747126437
1203,69.0,197.0,0.041518970005772426,0.34782608695652173
1204,83.0,195.0,0.04150170450312803,0.3373493975903614
1205,35.0,198.0,0.041484464879323626,0.3142857142857143
1206,79.0,197.0,0.041467251095570035,0.4050632911392405
1207,75.0,193.0,0.04145006311313626,0.32
1208,94.0,195.0,0.041432900893349306,0.3829787234042553
1209,26.0,198.0,0.04141576439759419,0.3076923076923077
1210,99.0,196.0,0.04139865358731379,0.3838383838383838
1211,89.0,194.0,0.041381568424008766,0.38202247191011235
1212,82.0,194.0,0.041364508869237496,0.36585365853658536
1213,85.0,198.0,0.04134747488461597,0.36470588235294116
1214,84.0,194.0,0.04133046643181774,0.34523809523809523
1215,70.0,199.0,0.04131348347257375,0.35714285714285715
1216,98.0,192.0,0.041296525968672344,0.29591836734693877
1217,40.0,199.0,0.041279593881959134,0.35
1218,104.0,190.0,0.041262687174336926,0.3076923076923077
1219,27.0,199.0,0.0412458058077656,0.3333333333333333
1220,75.0,197.0,0.04122894974426209,0.3466666666666667
1221,88.0,192.0,0.041212118945900246,0.3409090909090909
1222,85.0,199.0,0.041195313374810756,0.4
1223,46.0,199.0,0.04117853299318108,0.32608695652173914
1224,36.0,198.0,0.04116177776325536,0.3888888888888889
1225,87.0,195.0,0.041145047647334315,0.3103448275862069
1226,91.0,192.0,0.04112834260777518,0.38461538461538464
1227,125.0,187.0,0.0411116626069916,0.392
1228,56.0,198.0,0.04109500760745358,0.375
1229,86.0,194.0,0.041078377571687356,0.3372093023255814
1230,38.0,197.0,0.041061772462275346,0.34210526315789475
1231,70.0,199.0,0.041045192241856036,0.35714285714285715
1232,34.0,199.0,0.041028636873123935,0.3235294117647059
1233,45.0,197.0,0.04101210631882944,0.28888888888888886
1234,88.0,192.0,0.04099560054177882,0.375
1235,81.0,194.0,0.04097911950483406,0.32098765432098764
1236,88.0,194.0,0.04096266317091281,0.3068181818181818
1237,68.0,198.0,0.040946231502988324,0.38235294117647056
1238,88.0,193.0,0.04092982446408934,0.375
1239,58.0,195.0,0.0409134420173,0.3620689655172414
1240,71.0,196.0,0.04089708412575981,0.38028169014084506
1241,500.0,-35.0,0.0408807507526635,0.448
1242,500.0,-29.0,0.040864441861260974,0.456
1243,500.0,-65.0,0.04084815741485722,0.428
1244,500.0,-158.0,0.040831897376812226,0.334
1245,500.0,-101.0,0.0408156617105409,0.368
1246,500.0,-123.0,0.04079945037951298,0.358
1247,500.0,-122.0,0.040783263347252977,0.362
1248,500.0,-129.0,0.04076710057734005,0.358
1249,500.0,-72.0,0.040750962033407966,0.398
1250,500.0,-122.0,0.040734847679144995,0.364
1251,500.0,-116.0,0.04071875747829382,0.356
1252,500.0,-23.0,0.040702691394651505,0.44
1253,500.0,-110.0,0.04068664939206934,0.372
1254,51.0,194.0,0.04067063143445282,0.37254901960784315
1255,87.0,193.0,0.04065463748576152,0.28735632183908044
1256,45.0,199.0,0.040638667510009066,0.3333333333333333
1257,75.0,195.0,0.040622721471262994,0.32
1258,78.0,196.0,0.04060679933364471,0.28205128205128205
1259,25.0,199.0,0.040590901061329406,0.36
1260,79.0,192.0,0.04057502661854596,0.2911392405063291
1261,76.0,198.0,0.040559175969576866,0.35526315789473684
1262,72.0,199.0,0.04054334907875816,0.3611111111111111
1263,91.0,199.0,0.040527545910479315,0.3956043956043956
1264,38.0,200.0,0.04051176642918322,0.3684210526315789
1265,76.0,189.0,0.04049601059936603,0.3157894736842105
1266,171.0,175.0,0.04048027838557711,0.39766081871345027
1267,66.0,196.0,0.04046456975241898,0.3484848484848485
1268,90.0,196.0,0.04044888466454721,0.32222222222222224
1269,36.0,197.0,0.04043322308667035,0.3055555555555556
1270,86.0,197.0,0.040417584983549824,0.3372093023255814
1271,77.0,197.0,0.04040197031999991,0.2987012987012987
1272,184.0,171.0,0.04038637906088761,0.3858695652173913
1273,73.0,195.0,0.04037081117113257,0.3150684931506849
1274,32.0,200.0,0.04035526661570705,0.3125
1275,77.0,199.0,0.040339745359635776,0.3116883116883117
1276,75.0,193.0,0.04032424736799592,0.36
1277,69.0,197.0,0.040308772605917004,0.34782608695652173
1278,41.0,200.0,0.040293321038580805,0.2926829268292683
1279,26.0,200.0,0.04027789263122128,0.3076923076923077
1280,82.0,196.0,0.04026248734912451,0.3048780487804878
1281,89.0,196.0,0.04024710515762861,0.39325842696629215
1282,65.0,197.0,0.04023174602212363,0.3076923076923077
1283,31.0,198.0,0.04021640990805152,0.3225806451612903
1284,81.0,195.0,0.04020109678090601,0.2962962962962963
1285,73.0,196.0,0.04018580660623257,0.3013698630136986
1286,55.0,196.0,0.04017053934962828,0.36363636363636365
1287,73.0,197.0,0.04015529497674182,0.3424657534246575
1288,76.0,196.0,0.04014007345327335,0.2894736842105263
1289,82.0,194.0,0.04012487474497442,0.2804878048780488
1290,45.0,199.0,0.040109698817647935,0.4222222222222222
1291,54.0,193.0,0.040094545637148066,0.37037037037037035
1292,79.0,197.0,0.04007941516938013,0.3670886075949367
1293,89.0,195.0,0.040064307380300576,0.42696629213483145
1294,37.0,200.0,0.04004922223591688,0.3783783783783784
1295,500.0,-22.0,0.04003415970228745,0.436
1296,500.0,-21.0,0.04001911974552159,0.434
1297,500.0,-20.0,0.040004102331779375,0.448
1298,500.0,-31.0,0.03998910742727163,0.434
1299,500.0,-96.0,0.03997413499825982,0.37
1300,500.0,-95.0,0.03995918501105595,0.378
1301,500.0,-74.0,0.03994425743202256,0.368
1302,81.0,197.0,0.03992935222757259,0.37037037037037035
1303,56.0,199.0,0.03991446936416932,0.3392857142857143
1304,81.0,194.0,0.039899608808326305,0.35802469135802467
1305,66.0,195.0,0.039884770526607286,0.3484848484848485
1306,30.0,199.0,0.039869954485626115,0.3333333333333333
1307,77.0,191.0,0.0398551606520467,0.35064935064935066
1308,26.0,198.0,0.039840388992582916,0.34615384615384615
1309,40.0,200.0,0.03982563947399852,0.35
1310,80.0,196.0,0.03981091206310707,0.3
1311,77.0,194.0,0.039796206726771914,0.2857142857142857
1312,72.0,197.0,0.039781523431906024,0.3611111111111111
1313,75.0,197.0,0.03976686214547198,0.28
1314,71.0,198.0,0.03975222283448189,0.352112676056338
1315,79.0,196.0,0.039737605465997285,0.35443037974683544
1316,76.0,198.0,0.03972301000712909,0.35526315789473684
1317,29.0,200.0,0.03970843642503751,0.3103448275862069
1318,81.0,195.0,0.03969388468693198,0.3333333333333333
1319,67.0,198.0,0.03967935476007109,0.31343283582089554
1320,80.0,195.0,0.0396648466117625,0.3625
1321,62.0,197.0,0.039650360209362856,0.3387096774193548
1322,31.0,198.0,0.03963589552027775,0.2903225806451613
1323,75.0,197.0,0.039621452511961634,0.3333333333333333
1324,50.0,197.0,0.03960703115191773,0.4
1325,57.0,198.0,0.03959263140769797,0.3333333333333333
1326,39.0,198.0,0.03957825324690292,0.3076923076923077
1327,82.0,195.0,0.039563896637181725,0.35365853658536583
1328,72.0,198.0,0.039549561546231994,0.2916666666666667
1329,67.0,197.0,0.03953524794179977,0.34328358208955223
1330,76.0,200.0,0.03952095579167944,0.2894736842105263
1331,36.0,200.0,0.03950668506371366,0.3611111111111111
1332,41.0,200.0,0.03949243572579328,0.36585365853658536
1333,32.0,197.0,0.03947820774585729,0.3125
1334,31.0,198.0,0.03946400109189272,0.3225806451612903
1335,73.0,196.0,0.03944981573193461,0.3150684931506849
1336,57.0,200.0,0.03943565163406587,0.3508771929824561
1337,87.0,197.0,0.0394215087664173,0.3218390804597701
1338,99.0,-21.0,0.03940738709716742,0.40404040404040403
1339,500.0,-19.0,0.039393286594542484,0.438
1340,500.0,-26.0,0.03937920722681634,0.408
1341,500.0,-20.0,0.03936514896231043,0.448
1342,500.0,72.0,0.039351111769393626,0.456
1343,500.0,84.0,0.03933709561648224,0.476
1344,150.0,-10.0,0.03932310047203994,0.44
1345,500.0,-111.0,0.039309126304577634,0.356
1346,500.0,-62.0,0.03929517308265344,0.426
1347,500.0,-68.0,0.039281240774872606,0.4
1348,500.0,-101.0,0.03926732934988742,0.364
1349,500.0,-107.0,0.0392534387763972,0.346
1350,174.0,-35.0,0.03923956902314812,0.3275862068965517
1351,500.0,74.0,0.03922572005893323,0.46
1352,500.0,69.0,0.03921189185259238,0.45
1353,500.0,39.0,0.039198084373012074,0.44
1354,500.0,14.0,0.03918429758912549,0.4
1355,500.0,-1.0,0.03917053146991237,0.388
1356,245.0,92.0,0.03915678598439891,0.4448979591836735
1357,252.0,181.0,0.039143061101657786,0.44047619047619047
1358,95.0,194.0,0.03912935679080799,0.3684210526315789
1359,83.0,193.0,0.03911567302101483,0.3373493975903614
1360,63.0,199.0,0.039102009761489816,0.31746031746031744
1361,70.0,200.0,0.039088366981490597,0.35714285714285715
1362,69.0,199.0,0.03907474465032093,0.3188405797101449
1363,76.0,193.0,0.039061142737330544,0.32894736842105265
1364,68.0,198.0,0.03904756121191515,0.3235294117647059
1365,81.0,196.0,0.039034000043516294,0.35802469135802467
1366,33.0,199.0,0.03902045920162135,0.36363636363636365
1367,50.0,196.0,0.039006938655763414,0.36
1368,38.0,196.0,0.03899343837552125,0.2631578947368421
1369,29.0,200.0,0.03897995833051923,0.3448275862068966
1370,66.0,194.0,0.03896649849042724,0.36363636363636365
1371,21.0,200.0,0.03895305882496063,0.38095238095238093
1372,59.0,197.0,0.03893963930388017,0.3220338983050847
1373,73.0,198.0,0.0389262398969919,0.3698630136986301
1374,50.0,197.0,0.03891286057414717,0.32
1375,63.0,199.0,0.03889950130524249,0.3333333333333333
1376,79.0,195.0,0.0388861620602195,0.379746835443038
1377,81.0,198.0,0.038872842809064896,0.3333333333333333
1378,77.0,197.0,0.038859543521810355,0.35064935064935066
1379,78.0,197.0,0.03884626416853248,0.32051282051282054
1380,68.0,199.0,0.038833004719352714,0.3235294117647059
1381,44.0,198.0,0.03881976514443729,0.36363636363636365
1382,65.0,197.0,0.03880654541399717,0.35384615384615387
1383,74.0,198.0,0.03879334549828793,0.2972972972972973
1384,52.0,198.0,0.03878016536760978,0.38461538461538464
1385,35.0,198.0,0.03876700499230742,0.22857142857142856
1386,83.0,195.0,0.03875386434276998,0.3132530120481928
1387,61.0,199.0,0.03874074338943101,0.32786885245901637
1388,69.0,199.0,0.03872764210276835,0.34782608695652173
1389,44.0,199.0,0.038714560453304105,0.4090909090909091
1390,84.0,196.0,0.03870149841160456,0.2976190476190476
1391,33.0,200.0,0.038688455948280104,0.36363636363636365
1392,80.0,193.0,0.0386754330339852,0.3375
1393,65.0,196.0,0.03866242963941829,0.27692307692307694
1394,64.0,200.0,0.03864944573532171,0.359375
1395,72.0,198.0,0.03863648129248169,0.3194444444444444
1396,37.0,200.0,0.038623536281728224,0.2972972972972973
1397,70.0,196.0,0.03861061067393503,0.3142857142857143
1398,67.0,199.0,0.03859770444001948,0.29850746268656714
1399,73.0,198.0,0.03858481755094255,0.3561643835616438
1400,49.0,199.0,0.038571949977708735,0.3673469387755102
1401,25.0,200.0,0.03855910169136598,0.32
1402,70.0,198.0,0.03854627266300564,0.2857142857142857
1403,39.0,198.0,0.0385334628637624,0.3076923076923077
1404,83.0,197.0,0.03852067226481421,0.2891566265060241
1405,63.0,198.0,0.0385079008373822,0.30158730158730157
1406,74.0,195.0,0.038495148552730674,0.35135135135135137
1407,39.0,199.0,0.03848241538216697,0.3076923076923077
1408,66.0,200.0,0.038469701297041456,0.2878787878787879
1409,75.0,197.0,0.03845700626874743,0.29333333333333333
1410,66.0,198.0,0.03844433026872108,0.3333333333333333
1411,72.0,200.0,0.038431673268441394,0.3055555555555556
1412,74.0,197.0,0.038419035239430126,0.36486486486486486
1413,77.0,197.0,0.03840641615325169,0.2987012987012987
1414,77.0,197.0,0.038393815981513146,0.2987012987012987
1415,42.0,200.0,0.0383812346958641,0.35714285714285715
1416,71.0,200.0,0.038368672267996666,0.30985915492957744
1417,34.0,200.0,0.038356128669645356,0.2647058823529412
1418,38.0,200.0,0.03834360387258708,0.2631578947368421
1419,64.0,195.0,0.03833109784864104,0.3125
1420,80.0,198.0,0.038318610569668676,0.3125
1421,74.0,198.0,0.038306142007573596,0.33783783783783783
1422,78.0,198.0,0.038293692134301546,0.3076923076923077
1423,79.0,195.0,0.03828126092184029,0.2911392405063291
1424,48.0,199.0,0.0382688483422196,0.375
1425,68.0,198.0,0.03825645436751117,0.27941176470588236
1426,61.0,199.0,0.03824407896982855,0.3114754098360656
1427,28.0,200.0,0.0382317221213271,0.35714285714285715
1428,70.0,198.0,0.038219383794203886,0.2714285714285714
1429,89.0,199.0,0.03820706396069768,0.33707865168539325
1430,57.0,198.0,0.03819476259308885,0.3333333333333333
1431,31.0,198.0,0.0381824796636993,0.2903225806451613
1432,69.0,195.0,0.03817021514489245,0.2608695652173913
1433,83.0,197.0,0.03815796900907313,0.3132530120481928
1434,65.0,199.0,0.038145741228687524,0.3076923076923077
1435,82.0,194.0,0.03813353177622311,0.2926829268292683
1436,34.0,198.0,0.03812134062420863,0.29411764705882354
1437,65.0,197.0,0.03810916774521397,0.35384615384615387
1438,74.0,194.0,0.038097013111850174,0.33783783783783783
1439,74.0,198.0,0.038084876696769285,0.2972972972972973
1440,77.0,198.0,0.03807275847266438,0.3116883116883117
1441,69.0,199.0,0.03806065841226944,0.2898550724637681
1442,40.0,198.0,0.038048576488359326,0.4
1443,70.0,198.0,0.03803651267374971,0.2857142857142857
1444,69.0,199.0,0.038024466941297,0.37681159420289856
1445,85.0,197.0,0.038012439263898294,0.29411764705882354
1446,71.0,197.0,0.03800042961449131,0.28169014084507044
1447,72.0,196.0,0.037988437966054334,0.2777777777777778
1448,71.0,199.0,0.03797646429160615,0.36619718309859156
1449,31.0,200.0,0.03796450856420599,0.3225806451612903
1450,55.0,196.0,0.03795257075695346,0.32727272727272727
1451,78.0,198.0,0.03794065084298849,0.3076923076923077
1452,45.0,198.0,0.03792874879549126,0.4
1453,76.0,198.0,0.037916864587682175,0.3026315789473684
1454,85.0,193.0,0.03790499819282174,0.29411764705882354
1455,76.0,200.0,0.037893149584210584,0.3157894736842105
1456,77.0,195.0,0.037881318735189316,0.2857142857142857
1457,69.0,199.0,0.03786950561913853,0.2753623188405797
1458,39.0,199.0,0.03785771020947871,0.3076923076923077
1459,62.0,199.0,0.03784593247967017,0.3225806451612903
1460,73.0,198.0,0.03783417240321302,0.3287671232876712
1461,46.0,199.0,0.03782242995364708,0.34782608695652173
1462,79.0,197.0,0.037810705104551846,0.3037974683544304
1463,68.0,198.0,0.037798997829546384,0.27941176470588236
1464,39.0,200.0,0.03778730810228933,0.3333333333333333
1465,65.0,198.0,0.037775635896478796,0.3384615384615385
1466,73.0,199.0,0.03776398118585231,0.3013698630136986
1467,73.0,199.0,0.03775234394418676,0.2876712328767123
1468,70.0,198.0,0.03774072414529836,0.2857142857142857
1469,73.0,199.0,0.03772912176304255,0.3013698630136986
1470,71.0,199.0,0.03771753677131397,0.29577464788732394
1471,41.0,197.0,0.03770596914404638,0.2682926829268293
1472,33.0,198.0,0.03769441885521261,0.30303030303030304
1473,64.0,197.0,0.03768288587882451,0.359375
1474,68.0,198.0,0.03767137018893289,0.27941176470588236
1475,77.0,197.0,0.03765987175962743,0.2987012987012987
1476,71.0,199.0,0.037648390565036646,0.29577464788732394
1477,72.0,198.0,0.03763692657932787,0.2916666666666667
1478,62.0,198.0,0.03762547977670712,0.27419354838709675
1479,79.0,197.0,0.03761405013141909,0.3037974683544304
1480,73.0,197.0,0.037602637617747056,0.2876712328767123
1481,65.0,198.0,0.03759124221001288,0.3230769230769231
1482,66.0,200.0,0.03757986388257687,0.30303030303030304
1483,71.0,193.0,0.0375685026098378,0.36619718309859156
1484,500.0,-15.0,0.037557158366232794,0.388
1485,500.0,-21.0,0.0375458311262373,0.39
1486,500.0,-16.0,0.03753452086436502,0.428
1487,500.0,-16.0,0.03752322755516786,0.428
1488,500.0,-59.0,0.03751195117323588,0.4
1489,500.0,-125.0,0.03750069169319721,0.34
1490,500.0,84.0,0.03748944908971801,0.424
1491,500.0,77.0,0.03747822333750243,0.454
1492,500.0,82.0,0.0374670144112925,0.468
1493,500.0,67.0,0.037455822285868155,0.466
1494,500.0,63.0,0.0374446469360471,0.462
1495,500.0,19.0,0.037433488336684785,0.412
1496,479.0,77.0,0.037422346462674366,0.453027139874739
1497,500.0,93.0,0.037411221288946625,0.452
1498,356.0,174.0,0.037400112790469904,0.4044943820224719
1499,74.0,195.0,0.037389020942250085,0.33783783783783783
1500,77.0,197.0,0.0373779457193305,0.2857142857142857
1501,82.0,198.0,0.0373668870967919,0.3170731707317073
1502,45.0,194.0,0.03735584504975238,0.24444444444444444
1503,77.0,199.0,0.03734481955336732,0.3116883116883117
1504,63.0,198.0,0.03733381058282935,0.3492063492063492
1505,68.0,196.0,0.037322818113368295,0.2647058823529412
1506,67.0,199.0,0.03731184212025108,0.3880597014925373
1507,71.0,199.0,0.03730088257878172,0.28169014084507044
1508,58.0,193.0,0.03728993946430124,0.3275862068965517
1509,28.0,199.0,0.03727901275218763,0.32142857142857145
1510,67.0,199.0,0.03726810241785578,0.2835820895522388
1511,47.0,199.0,0.03725720843675744,0.3617021276595745
1512,35.0,195.0,0.03724633078438115,0.3142857142857143
1513,73.0,199.0,0.03723546943625218,0.273972602739726
1514,73.0,197.0,0.037224624367932495,0.2876712328767123
1515,64.0,197.0,0.037213795555020676,0.359375
1516,72.0,198.0,0.03720298297315191,0.2916666666666667
1517,68.0,196.0,0.03719218659799787,0.2647058823529412
1518,37.0,199.0,0.0371814064052667,0.32432432432432434
1519,71.0,195.0,0.037170642370702986,0.2535211267605634
1520,59.0,197.0,0.03715989447008762,0.3220338983050847
1521,42.0,200.0,0.03714916267923784,0.30952380952380953
1522,73.0,197.0,0.0371384469740071,0.3287671232876712
1523,66.0,200.0,0.037127747330285066,0.2878787878787879
1524,67.0,198.0,0.03711706372399753,0.3283582089552239
1525,77.0,199.0,0.037106396131106376,0.3116883116883117
1526,73.0,199.0,0.03709574452760951,0.3013698630136986
1527,62.0,196.0,0.03708510888954083,0.2903225806451613
1528,73.0,197.0,0.03707448919297014,0.2876712328767123
1529,73.0,199.0,0.03706388541400312,0.3013698630136986
1530,65.0,198.0,0.03705329752878126,0.3076923076923077
1531,72.0,198.0,0.03704272551348182,0.2916666666666667
1532,71.0,199.0,0.037032169344317745,0.28169014084507044
1533,76.0,198.0,0.03702162899753767,0.2894736842105263
1534,69.0,197.0,0.0370111044494258,0.2753623188405797
1535,70.0,198.0,0.0370005956763019,0.2857142857142857
1536,30.0,199.0,0.03699010265452122,0.3333333333333333
1537,26.0,199.0,0.03697962536047447,0.3076923076923077
1538,77.0,199.0,0.03696916377058772,0.3116883116883117
1539,68.0,197.0,0.0369587178613224,0.3235294117647059
1540,52.0,197.0,0.03694828760917519,0.28846153846153844
1541,32.0,200.0,0.03693787299067804,0.28125
1542,66.0,200.0,0.036927473982398054,0.2878787878787879
1543,69.0,194.0,0.03691709056093744,0.37681159420289856
1544,74.0,198.0,0.03690672270293351,0.2972972972972973
1545,73.0,199.0,0.03689637038505858,0.3013698630136986
1546,68.0,198.0,0.03688603358401992,0.27941176470588236
1547,51.0,198.0,0.03687571227655973,0.35294117647058826
1548,68.0,198.0,0.036865406439455066,0.27941176470588236
1549,37.0,200.0,0.03685511604951778,0.40540540540540543
1550,57.0,199.0,0.0368448410835945,0.3333333333333333
1551,41.0,199.0,0.03683458151856655,0.3170731707317073
1552,66.0,200.0,0.0368243373313499,0.2878787878787879
1553,60.0,198.0,0.036814108498895125,0.31666666666666665
1554,70.0,197.0,0.03680389499818734,0.35714285714285715
1555,69.0,197.0,0.036793696806246175,0.2753623188405797
1556,72.0,194.0,0.03678351390012569,0.3472222222222222
1557,500.0,-15.0,0.03677334625691434,0.404
1558,500.0,-15.0,0.03676319385373493,0.392
1559,69.0,199.0,0.036753056667744546,0.2898550724637681
1560,66.0,198.0,0.036742934676134514,0.30303030303030304
1561,68.0,200.0,0.03673282785613034,0.3088235294117647
1562,63.0,199.0,0.03672273618499169,0.3492063492063492
1563,70.0,198.0,0.03671265964001229,0.2714285714285714
1564,69.0,199.0,0.036702598198519905,0.2753623188405797
1565,50.0,199.0,0.0366925518378763,0.32
1566,66.0,200.0,0.03668252053547716,0.2878787878787879
1567,72.0,196.0,0.036672504268752036,0.2777777777777778
1568,64.0,198.0,0.036662503015164334,0.296875
1569,56.0,198.0,0.03665251675221123,0.375
1570,70.0,198.0,0.03664254545742362,0.2857142857142857
1571,73.0,197.0,0.03663258910836609,0.2876712328767123
1572,75.0,197.0,0.03662264768263686,0.28
1573,67.0,199.0,0.0366127211578677,0.2835820895522388
1574,50.0,196.0,0.03660280951172394,0.4
1575,71.0,199.0,0.03659291272190436,0.29577464788732394
1576,69.0,197.0,0.0365830307661412,0.2753623188405797
1577,70.0,198.0,0.03657316362220003,0.2857142857142857
1578,71.0,199.0,0.03656331126787979,0.29577464788732394
1579,70.0,198.0,0.036553473681012666,0.2857142857142857
1580,51.0,200.0,0.03654365083946409,0.35294117647058826
1581,71.0,199.0,0.036533842721132664,0.29577464788732394
1582,69.0,199.0,0.03652404930395012,0.36231884057971014
1583,71.0,197.0,0.03651427056588126,0.28169014084507044
1584,72.0,196.0,0.03650450648492392,0.2777777777777778
1585,68.0,198.0,0.03649475703910892,0.27941176470588236
1586,51.0,199.0,0.03648502220649999,0.3137254901960784
1587,35.0,199.0,0.03647530196519377,0.3142857142857143
1588,73.0,197.0,0.0364655962933197,0.2876712328767123
1589,53.0,200.0,0.03645590516904001,0.3018867924528302
1590,62.0,198.0,0.03644622857054968,0.3387096774193548
1591,69.0,195.0,0.036436566476076356,0.2608695652173913
1592,52.0,200.0,0.03642691886388032,0.36538461538461536
1593,70.0,196.0,0.03641728571225443,0.2714285714285714
1594,22.0,200.0,0.03640766699952411,0.36363636363636365
1595,67.0,199.0,0.03639806270404723,0.2835820895522388
1596,71.0,197.0,0.03638847280421414,0.28169014084507044
1597,65.0,196.0,0.03637889727844756,0.3384615384615385
1598,72.0,198.0,0.036369336105202536,0.2916666666666667
1599,73.0,199.0,0.036359789262966444,0.2876712328767123
1600,40.0,199.0,0.03635025673025888,0.4
1601,65.0,197.0,0.03634073848563163,0.2923076923076923
1602,73.0,197.0,0.03633123450766865,0.2876712328767123
1603,46.0,197.0,0.03632174477498598,0.3695652173913043
1604,73.0,199.0,0.036312269266231725,0.3013698630136986
1605,54.0,198.0,0.03630280796008598,0.3333333333333333
1606,66.0,200.0,0.03629336083526081,0.2727272727272727
1607,68.0,198.0,0.03628392787050017,0.27941176470588236
1608,70.0,196.0,0.03627450904457989,0.2714285714285714
1609,76.0,196.0,0.036265104336307606,0.27631578947368424
1610,67.0,199.0,0.03625571372452272,0.2835820895522388
1611,31.0,200.0,0.03624633718809636,0.3225806451612903
1612,76.0,198.0,0.036236974705931305,0.2894736842105263
1613,74.0,196.0,0.036227626256961964,0.28378378378378377
1614,72.0,200.0,0.03621829182015433,0.3055555555555556
1615,72.0,197.0,0.036208971374505926,0.3611111111111111
1616,68.0,200.0,0.036199664899045726,0.29411764705882354
1617,67.0,197.0,0.036190372372834165,0.2537313432835821
1618,77.0,199.0,0.036181093774963057,0.3116883116883117
1619,74.0,198.0,0.036171829084555546,0.2972972972972973
1620,67.0,199.0,0.03616257828076608,0.2835820895522388
1621,73.0,197.0,0.036153341342780344,0.2876712328767123
1622,52.0,200.0,0.03614411824981523,0.34615384615384615
1623,46.0,199.0,0.03613490898111876,0.3695652173913043
1624,75.0,197.0,0.0361257135159701,0.29333333333333333
1625,71.0,199.0,0.036116531833679424,0.29577464788732394
1626,69.0,199.0,0.03610736391358796,0.2753623188405797
1627,75.0,193.0,0.036098209735067874,0.26666666666666666
1628,73.0,199.0,0.03608906927752227,0.3013698630136986
1629,70.0,197.0,0.03607994252038511,0.37142857142857144
1630,500.0,-23.0,0.03607082944312118,0.384
1631,44.0,198.0,0.03606173002522606,0.3181818181818182
1632,65.0,199.0,0.036052644246226055,0.27692307692307694
1633,74.0,198.0,0.036043572085678155,0.2972972972972973
1634,71.0,197.0,0.03603451352317,0.28169014084507044
1635,68.0,198.0,0.03602546853831982,0.27941176470588236
1636,57.0,198.0,0.036016437110776386,0.2982456140350877
1637,72.0,198.0,0.036007419220218995,0.2916666666666667
1638,69.0,197.0,0.035998414846357386,0.2753623188405797
1639,68.0,198.0,0.035989423968931705,0.27941176470588236
1640,44.0,199.0,0.03598044656771249,0.36363636363636365
1641,42.0,200.0,0.035971482622500564,0.2857142857142857
1642,72.0,198.0,0.03596253211312706,0.2916666666666667
1643,35.0,199.0,0.03595359501945333,0.4
1644,75.0,195.0,0.03594467132137091,0.26666666666666666
1645,33.0,199.0,0.03593576099880146,0.24242424242424243
1646,77.0,197.0,0.03592686403169677,0.2987012987012987
1647,55.0,198.0,0.03591798040003866,0.3090909090909091
1648,32.0,197.0,0.03590911008383893,0.25
1649,41.0,198.0,0.03590025306313939,0.2682926829268293
1650,68.0,200.0,0.03589140931801173,0.27941176470588236
1651,53.0,198.0,0.03588257882855751,0.33962264150943394
1652,69.0,199.0,0.03587376157490815,0.2753623188405797
1653,79.0,197.0,0.03586495753722481,0.2911392405063291
1654,43.0,200.0,0.0358561666956984,0.3023255813953488
1655,74.0,200.0,0.03584738903054953,0.2972972972972973
1656,73.0,199.0,0.035838624522028434,0.2876712328767123
1657,67.0,199.0,0.035829873150414984,0.26865671641791045
1658,67.0,197.0,0.03582113489601858,0.3283582089552239
1659,72.0,198.0,0.03581240973917815,0.2777777777777778
1660,68.0,198.0,0.035803697660262084,0.27941176470588236
1661,68.0,200.0,0.0357949986396682,0.29411764705882354
1662,25.0,199.0,0.03578631265782371,0.36
1663,60.0,200.0,0.03577763969518513,0.3
1664,64.0,200.0,0.035768979732238304,0.28125
1665,74.0,196.0,0.035760332749498316,0.28378378378378377
1666,69.0,199.0,0.03575169872750944,0.36231884057971014
1667,61.0,198.0,0.035743077646845124,0.32786885245901637
1668,76.0,196.0,0.03573446948810794,0.2894736842105263
1669,69.0,197.0,0.03572587423192952,0.2753623188405797
1670,52.0,199.0,0.03571729185897054,0.36538461538461536
1671,500.0,-21.0,0.03570872234992065,0.386
1672,500.0,-13.0,0.03570016568549847,0.38
1673,500.0,-35.0,0.03569162184645147,0.378
1674,500.0,-59.0,0.035683090813556036,0.404
1675,500.0,-124.0,0.03567457256761733,0.336
1676,500.0,-154.0,0.03566606708946929,0.292
1677,500.0,-160.0,0.035657574359974596,0.312
1678,500.0,-182.0,0.03564909436002459,0.3
1679,500.0,-183.0,0.03564062707053929,0.272
1680,105.0,-20.0,0.03563217247246727,0.29523809523809524
1681,99.0,195.0,0.03562373054678569,0.3939393939393939
1682,174.0,194.0,0.035615301274500216,0.40804597701149425
1683,500.0,85.0,0.03560688463664498,0.468
1684,500.0,78.0,0.03559848061428253,0.456
1685,500.0,77.0,0.035590089188503836,0.454
1686,500.0,62.0,0.035581710340428174,0.46
1687,99.0,97.0,0.035573344051203125,0.45454545454545453
1688,500.0,90.0,0.03556499030200455,0.44
1689,214.0,196.0,0.035556649074036495,0.40654205607476634
1690,70.0,196.0,0.035548320348531205,0.38571428571428573
1691,59.0,195.0,0.03554000410674904,0.3559322033898305
1692,67.0,200.0,0.035531700329978454,0.29850746268656714
1693,77.0,197.0,0.035523408999535946,0.2987012987012987
1694,70.0,198.0,0.03551513009676601,0.2857142857142857
1695,62.0,200.0,0.035506863603041124,0.3225806451612903
1696,67.0,197.0,0.03549860949976167,0.2537313432835821
1697,82.0,196.0,0.0354903677683559,0.3048780487804878
1698,68.0,198.0,0.03548213839027994,0.3382352941176471
1699,71.0,197.0,0.035473921347017656,0.28169014084507044
1700,70.0,198.0,0.03546571662008072,0.2857142857142857
1701,68.0,198.0,0.035457524191008484,0.27941176470588236
1702,72.0,198.0,0.03544934404136798,0.2916666666666667
1703,67.0,199.0,0.03544117615275387,0.2835820895522388
1704,33.0,199.0,0.03543302050678839,0.30303030303030304
1705,71.0,195.0,0.035424877085121355,0.2676056338028169
1706,65.0,199.0,0.03541674586943004,0.3384615384615385
1707,75.0,199.0,0.035408626841419225,0.30666666666666664
1708,33.0,199.0,0.03540051998282108,0.2727272727272727
1709,83.0,195.0,0.03539242527539518,0.30120481927710846
1710,71.0,197.0,0.03538434270092841,0.28169014084507044
1711,68.0,200.0,0.035376272241235004,0.29411764705882354
1712,70.0,198.0,0.035368213878156404,0.2857142857142857
1713,64.0,200.0,0.035360167593561295,0.265625
1714,71.0,197.0,0.03535213336934553,0.28169014084507044
1715,70.0,198.0,0.0353441111874321,0.2714285714285714
1716,43.0,198.0,0.03533610102977111,0.3488372093023256
1717,41.0,200.0,0.03532810287833968,0.4146341463414634
1718,69.0,197.0,0.03532011671514197,0.2753623188405797
1719,78.0,196.0,0.03531214252220912,0.2948717948717949
1720,54.0,198.0,0.035304180281599186,0.3148148148148148
1721,72.0,198.0,0.035296229975397116,0.2777777777777778
1722,64.0,200.0,0.03528829158571473,0.390625
1723,34.0,200.0,0.035280365094690645,0.29411764705882354
1724,30.0,200.0,0.03527245048449025,0.3
1725,70.0,196.0,0.03526454773730567,0.2714285714285714
1726,63.0,197.0,0.03525665683535571,0.36507936507936506
1727,74.0,198.0,0.03524877776088586,0.2972972972972973
1728,71.0,197.0,0.03524091049616818,0.28169014084507044
1729,73.0,197.0,0.03523305502350133,0.2876712328767123
1730,65.0,198.0,0.03522521132521049,0.3230769230769231
1731,75.0,199.0,0.035217379383647336,0.30666666666666664
1732,44.0,197.0,0.035209559181189995,0.38636363636363635
1733,75.0,195.0,0.03520175070024301,0.28
1734,32.0,198.0,0.0351939539232373,0.34375
1735,44.0,199.0,0.0351861688326301,0.38636363636363635
1736,75.0,199.0,0.035178395410904964,0.29333333333333333
1737,70.0,198.0,0.03517063364057169,0.2857142857142857
1738,71.0,199.0,0.035162883504166284,0.29577464788732394
1739,69.0,199.0,0.035155144984250944,0.2898550724637681
1740,70.0,196.0,0.035147418063413996,0.2714285714285714
1741,74.0,196.0,0.03513970272426986,0.28378378378378377
1742,60.0,198.0,0.03513199894945902,0.3333333333333333
1743,70.0,197.0,0.035124306721647985,0.3
1744,44.0,199.0,0.03511662602352923,0.4090909090909091
1745,77.0,199.0,0.03510895683782119,0.2857142857142857
1746,54.0,200.0,0.035101299147268186,0.35185185185185186
1747,71.0,197.0,0.035093652934640424,0.28169014084507044
1748,72.0,198.0,0.03508601818273391,0.2916666666666667
1749,76.0,194.0,0.03507839487437045,0.27631578947368424
1750,71.0,195.0,0.0350707829923976,0.2676056338028169
1751,67.0,199.0,0.035063182519688624,0.2835820895522388
1752,78.0,200.0,0.035055593439142455,0.32051282051282054
1753,71.0,197.0,0.03504801573368366,0.28169014084507044
1754,74.0,198.0,0.035040449386262384,0.2972972972972973
1755,72.0,198.0,0.035032894379854365,0.2638888888888889
1756,63.0,197.0,0.035025350697460815,0.36507936507936506
1757,70.0,196.0,0.03501781832210846,0.2571428571428571
1758,58.0,198.0,0.035010297236849446,0.27586206896551724
1759,68.0,198.0,0.035002787424761324,0.27941176470588236
1760,68.0,200.0,0.034995288868947025,0.27941176470588236
1761,58.0,197.0,0.03498780155253478,0.3275862068965517
1762,32.0,200.0,0.034980325458678144,0.28125
1763,67.0,199.0,0.03497286057055588,0.2835820895522388
1764,38.0,199.0,0.03496540687137201,0.3684210526315789
1765,68.0,198.0,0.034957964344355684,0.27941176470588236
1766,78.0,198.0,0.034950532972761225,0.3076923076923077
1767,72.0,196.0,0.03494311273986805,0.2777777777777778
1768,71.0,199.0,0.03493570362898062,0.323943661971831
1769,71.0,197.0,0.03492830562342844,0.28169014084507044
1770,72.0,198.0,0.03492091870656599,0.2916666666666667
1771,70.0,198.0,0.03491354286177271,0.2857142857142857
1772,42.0,196.0,0.034906178072452936,0.2857142857142857
1773,63.0,198.0,0.0348988243220359,0.30158730158730157
1774,76.0,198.0,0.03489148159397565,0.3026315789473684
1775,67.0,199.0,0.034884149871751056,0.2835820895522388
1776,67.0,199.0,0.03487682913886573,0.2835820895522388
1777,64.0,197.0,0.034869519378848024,0.296875
1778,70.0,196.0,0.03486222057525097,0.2714285714285714
1779,36.0,200.0,0.03485493271165227,0.3055555555555556
1780,67.0,199.0,0.03484765577165422,0.2835820895522388
1781,66.0,199.0,0.0348403897388837,0.36363636363636365
1782,72.0,196.0,0.03483313459699213,0.2777777777777778
1783,63.0,200.0,0.03482589032965544,0.31746031746031744
1784,42.0,200.0,0.03481865692057404,0.42857142857142855
1785,69.0,197.0,0.03481143435347273,0.2753623188405797
1786,73.0,197.0,0.03480422261210075,0.273972602739726
1787,70.0,198.0,0.03479702168023168,0.38571428571428573
1788,69.0,195.0,0.03478983154166341,0.2608695652173913
1789,64.0,200.0,0.03478265218021813,0.28125
1790,69.0,199.0,0.03477548357974227,0.2753623188405797
1791,71.0,197.0,0.03476832572410648,0.28169014084507044
1792,61.0,200.0,0.03476117859720558,0.3442622950819672
1793,74.0,198.0,0.034754042182958536,0.28378378378378377
1794,56.0,197.0,0.034746916465308406,0.32142857142857145
1795,36.0,200.0,0.03473980142822233,0.3333333333333333
1796,43.0,199.0,0.034732697055691465,0.4186046511627907
1797,62.0,198.0,0.03472560333173097,0.2903225806451613
1798,74.0,198.0,0.03471852024037997,0.25675675675675674
1799,500.0,-10.0,0.034711447765701495,0.392
1800,500.0,-14.0,0.034704385891782485,0.38
1801,500.0,-35.0,0.03469733460273371,0.414
1802,500.0,-67.0,0.03469029388268978,0.38
1803,500.0,-109.0,0.034683263715809064,0.33
1804,500.0,-31.0,0.03467624408627368,0.398
1805,500.0,-92.0,0.034669234978289463,0.344
1806,72.0,198.0,0.034662236376085925,0.2916666666666667
1807,71.0,197.0,0.034655248263916194,0.323943661971831
1808,60.0,196.0,0.03464827062605702,0.3333333333333333
1809,89.0,197.0,0.03464130344680871,0.3258426966292135
1810,262.0,190.0,0.034634346710495124,0.4083969465648855
1811,500.0,77.0,0.03462740040146359,0.468
1812,500.0,73.0,0.03462046450408491,0.45
1813,500.0,50.0,0.03461353900275331,0.446
1814,500.0,-30.0,0.034606623881886414,0.368
1815,500.0,-44.0,0.0345997191259252,0.35
1816,500.0,32.0,0.034592824719333955,0.412
1817,403.0,-12.0,0.03458594064660027,0.3325062034739454
1818,55.0,196.0,0.03457906689223497,0.4
1819,85.0,195.0,0.034572203440772116,0.3058823529411765
1820,74.0,198.0,0.03456535027676893,0.2972972972972973
1821,61.0,198.0,0.03455850738480579,0.3114754098360656
1822,69.0,199.0,0.034551674749486186,0.2898550724637681
1823,73.0,199.0,0.034544852355436695,0.3013698630136986
1824,73.0,197.0,0.03453804018730692,0.2876712328767123
1825,71.0,199.0,0.03453123822976947,0.3380281690140845
1826,73.0,197.0,0.03452444646751997,0.2876712328767123
1827,71.0,197.0,0.03451766488527692,0.2676056338028169
1828,76.0,198.0,0.03451089346778176,0.3026315789473684
1829,68.0,198.0,0.034504132199798816,0.27941176470588236
1830,74.0,198.0,0.03449738106611522,0.3108108108108108
1831,73.0,199.0,0.03449064005154091,0.3013698630136986
1832,79.0,195.0,0.03448390914090862,0.27848101265822783
1833,68.0,198.0,0.03447718831907379,0.27941176470588236
1834,57.0,200.0,0.034470477570914565,0.3333333333333333
1835,75.0,199.0,0.03446377688133176,0.30666666666666664
1836,72.0,196.0,0.03445708623524882,0.2777777777777778
1837,76.0,198.0,0.03445040561761179,0.3026315789473684
1838,66.0,200.0,0.03444373501338928,0.2878787878787879
1839,73.0,199.0,0.03443707440757242,0.3013698630136986
1840,72.0,198.0,0.03443042378517485,0.2916666666666667
1841,68.0,196.0,0.03442378313123267,0.2647058823529412
1842,35.0,199.0,0.0344171524308044,0.2571428571428571
1843,62.0,200.0,0.034410531668970956,0.3548387096774194
1844,67.0,198.0,0.034403920830835634,0.29850746268656714
1845,55.0,199.0,0.03439731990152404,0.3090909090909091
1846,47.0,196.0,0.03439072886618408,0.3617021276595745
1847,74.0,198.0,0.034384147709985914,0.2972972972972973
1848,68.0,198.0,0.034377576418121954,0.27941176470588236
1849,70.0,197.0,0.034371014975806774,0.3
1850,65.0,199.0,0.03436446336827714,0.27692307692307694
1851,75.0,195.0,0.03435792158079192,0.28
1852,71.0,197.0,0.0343513895986321,0.2676056338028169
1853,73.0,199.0,0.034344867407100715,0.3013698630136986
1854,69.0,199.0,0.034338354991522824,0.2898550724637681
1855,30.0,199.0,0.03433185233724549,0.3
1856,76.0,198.0,0.03432535942963775,0.3026315789473684
1857,36.0,200.0,0.03431887625409055,0.3888888888888889
1858,32.0,200.0,0.034312402796016744,0.25
1859,74.0,198.0,0.034305939040851045,0.2972972972972973
1860,27.0,199.0,0.034299484974050005,0.2962962962962963
1861,69.0,196.0,0.03429304058109198,0.34782608695652173
1862,71.0,199.0,0.03428660584747706,0.29577464788732394
1863,77.0,199.0,0.03428018075872711,0.2987012987012987
1864,54.0,198.0,0.03427376530038567,0.3333333333333333
1865,39.0,200.0,0.03426735945801797,0.358974358974359
1866,66.0,200.0,0.034260963217210845,0.2878787878787879
1867,71.0,199.0,0.03425457656357275,0.29577464788732394
1868,29.0,199.0,0.03424819948273372,0.27586206896551724
1869,25.0,200.0,0.034241831960345324,0.4
1870,68.0,198.0,0.03423547398208063,0.27941176470588236
1871,72.0,198.0,0.03422912553363418,0.2777777777777778
1872,57.0,198.0,0.034222786600721956,0.2982456140350877
1873,70.0,200.0,0.03421645716908137,0.3
1874,57.0,196.0,0.0342101372244712,0.2807017543859649
1875,70.0,198.0,0.03420382675267156,0.2857142857142857
1876,66.0,200.0,0.034197525739483876,0.3181818181818182
1877,66.0,198.0,0.03419123417073089,0.2727272727272727
1878,74.0,196.0,0.03418495203225655,0.28378378378378377
1879,53.0,198.0,0.03417867930992605,0.33962264150943394
1880,29.0,198.0,0.034172415989625754,0.3103448275862069
1881,35.0,198.0,0.0341661620572632,0.34285714285714286
1882,500.0,-18.0,0.03415991749876703,0.396
1883,32.0,200.0,0.03415368230008699,0.28125
1884,72.0,198.0,0.03414745644719388,0.2916666666666667
1885,66.0,200.0,0.03414123992607952,0.2878787878787879
1886,68.0,198.0,0.03413503272275674,0.27941176470588236
1887,36.0,199.0,0.03412883482325934,0.2777777777777778
1888,58.0,198.0,0.03412264621364203,0.3448275862068966
1889,65.0,199.0,0.034116466879980434,0.27692307692307694
1890,73.0,199.0,0.03411029680837106,0.3013698630136986
1891,65.0,199.0,0.034104135984931234,0.27692307692307694
1892,65.0,195.0,0.034097984395799114,0.27692307692307694
1893,72.0,196.0,0.034091842027133605,0.25
1894,33.0,200.0,0.03408570886511439,0.30303030303030304
1895,64.0,197.0,0.03407958489594184,0.296875
1896,72.0,198.0,0.03407347010583703,0.2916666666666667
1897,74.0,198.0,0.034067364481041675,0.2972972972972973
1898,72.0,200.0,0.03406126800781812,0.2916666666666667
1899,69.0,199.0,0.034055180672449295,0.2753623188405797
1900,67.0,199.0,0.03404910246123869,0.2835820895522388
1901,64.0,200.0,0.03404303336051034,0.28125
1902,42.0,199.0,0.03403697335660875,0.35714285714285715
1903,70.0,198.0,0.03403092243589891,0.2857142857142857
1904,70.0,198.0,0.034024880584766264,0.2857142857142857
1905,39.0,200.0,0.03401884778961663,0.3076923076923077
1906,27.0,200.0,0.03401282403687621,0.2962962962962963
1907,54.0,198.0,0.03400680931299157,0.3333333333333333
1908,73.0,197.0,0.03400080360442957,0.2876712328767123
1909,49.0,198.0,0.03399480689767737,0.3469387755102041
1910,31.0,200.0,0.03398881917924238,0.3225806451612903
1911,70.0,200.0,0.03398284043565222,0.3
1912,66.0,198.0,0.03397687065345473,0.36363636363636365
1913,64.0,200.0,0.03397090981921788,0.28125
1914,66.0,198.0,0.033964957919529803,0.2727272727272727
1915,26.0,198.0,0.03395901494099871,0.3076923076923077
1916,65.0,199.0,0.033953080870252915,0.26153846153846155
1917,66.0,200.0,0.03394715569394074,0.2878787878787879
1918,64.0,195.0,0.03394123939873054,0.296875
1919,79.0,197.0,0.03393533197131065,0.3037974683544304
1920,49.0,199.0,0.03392943339838936,0.3469387755102041
1921,69.0,197.0,0.03392354366669487,0.2753623188405797
1922,70.0,198.0,0.03391766276297529,0.2857142857142857
1923,72.0,198.0,0.033911790673998576,0.2916666666666667
1924,74.0,194.0,0.03390592738655253,0.2702702702702703
1925,24.0,199.0,0.033900072887444746,0.3333333333333333
1926,78.0,194.0,0.03389422716350261,0.28205128205128205
1927,29.0,198.0,0.033888390201573235,0.27586206896551724
1928,71.0,197.0,0.03388256198852345,0.28169014084507044
1929,67.0,199.0,0.03387674251123978,0.2835820895522388
1930,68.0,196.0,0.0338709317566284,0.2647058823529412
1931,69.0,197.0,0.033865129711615094,0.2898550724637681
1932,55.0,197.0,0.03385933636314528,0.3090909090909091
1933,77.0,199.0,0.03385355169818391,0.2987012987012987
1934,76.0,196.0,0.03384777570371548,0.2894736842105263
1935,73.0,195.0,0.03384200836674402,0.273972602739726
1936,65.0,199.0,0.03383624967429299,0.3230769230769231
1937,56.0,199.0,0.033830499613405354,0.32142857142857145
1938,68.0,198.0,0.033824758171143464,0.2647058823529412
1939,69.0,197.0,0.03381902533458907,0.36231884057971014
1940,500.0,-13.0,0.03381330109084329,0.392
1941,500.0,-17.0,0.033807585427026575,0.374
1942,98.0,200.0,0.03380187833027867,0.35714285714285715
1943,73.0,197.0,0.033796179787758625,0.273972602739726
1944,71.0,197.0,0.0337904897866447,0.28169014084507044
1945,65.0,199.0,0.03378480831413439,0.27692307692307694
1946,70.0,198.0,0.03377913535744438,0.2857142857142857
1947,68.0,198.0,0.033773470903810526,0.27941176470588236
1948,74.0,196.0,0.0337678149404878,0.28378378378378377
1949,68.0,198.0,0.033762167454750275,0.27941176470588236
1950,71.0,199.0,0.033756528433891105,0.28169014084507044
1951,41.0,198.0,0.03375089786522251,0.36585365853658536
1952,69.0,200.0,0.03374527573607568,0.34782608695652173
1953,76.0,198.0,0.03373966203380084,0.3026315789473684
1954,30.0,200.0,0.033734056745767155,0.3
1955,71.0,199.0,0.03372845985936272,0.28169014084507044
1956,77.0,199.0,0.03372287136199455,0.2987012987012987
1957,48.0,200.0,0.033717291241088514,0.3958333333333333
1958,39.0,199.0,0.03371171948408933,0.41025641025641024
1959,54.0,199.0,0.03370615607846056,0.3148148148148148
1960,66.0,198.0,0.033700601011684525,0.2727272727272727
1961,72.0,200.0,0.03369505427126233,0.3055555555555556
1962,68.0,200.0,0.0336895158447138,0.3235294117647059
1963,54.0,197.0,0.03368398571957748,0.3148148148148148
1964,42.0,199.0,0.033678463883410586,0.35714285714285715
1965,500.0,-14.0,0.033672950323788975,0.398
1966,69.0,199.0,0.033667445028307146,0.30434782608695654
1967,51.0,199.0,0.03366194798457818,0.29411764705882354
1968,42.0,198.0,0.03365645918023372,0.3333333333333333
1969,30.0,200.0,0.03365097860292396,0.3333333333333333
1970,70.0,198.0,0.0336455062403176,0.2857142857142857
1971,73.0,197.0,0.033640042080101816,0.2876712328767123
1972,69.0,197.0,0.03363458610998225,0.2753623188405797
1973,66.0,198.0,0.03362913831768295,0.2727272727272727
1974,68.0,198.0,0.03362369869094642,0.35294117647058826
1975,70.0,198.0,0.03361826721753346,0.2857142857142857
1976,61.0,199.0,0.033612843885223266,0.36065573770491804
1977,30.0,200.0,0.03360742868181334,0.3
1978,70.0,200.0,0.03360202159511946,0.3
1979,36.0,199.0,0.033596622612975705,0.25
1980,73.0,195.0,0.03359123172323434,0.273972602739726
1981,70.0,198.0,0.03358584891376586,0.2857142857142857
1982,58.0,200.0,0.03358047417245896,0.3448275862068966
1983,64.0,199.0,0.03357510748722045,0.359375
1984,500.0,-9.0,0.0335697488459753,0.404
1985,84.0,198.0,0.03356439823666656,0.32142857142857145
1986,75.0,197.0,0.03355905564725535,0.28
1987,65.0,199.0,0.033553721065720854,0.27692307692307694
1988,70.0,196.0,0.03354839448006025,0.2714285714285714
1989,30.0,199.0,0.03354307587828873,0.3
1990,49.0,199.0,0.033537765248439426,0.3877551020408163
1991,30.0,200.0,0.033532462578563425,0.3
1992,60.0,197.0,0.03352716785672972,0.3333333333333333
1993,69.0,197.0,0.033521881071025175,0.2753623188405797
1994,64.0,200.0,0.033516602209554526,0.28125
1995,74.0,200.0,0.03351133126044033,0.3918918918918919
1996,49.0,197.0,0.033506068211822955,0.32653061224489793
1997,76.0,198.0,0.033500813051860534,0.3026315789473684
1998,30.0,199.0,0.03349556576872896,0.3
1999,75.0,197.0,0.03349032635062184,0.29333333333333333
